Sekolah_KabKota_Provinsi,Sekolah,lat,lng
SMAN 10 FAJAR HARAPAN BANDA ACEH,SMAN 10 FAJAR HARAPAN BANDA ACEH,5.5577,95.3222
MAN INSAN CENDEKIA ACEH TIMUR,MAN INSAN CENDEKIA ACEH TIMUR,4.63333,97.63333
SMA TEUKU NYAK ARIF FATIH BILINGUAL SCHOOL,SMA TEUKU NYAK ARIF FATIH BILINGUAL SCHOOL,4.0,97.0
SMAS LAB SCHOOL,SMAS LAB SCHOOL,4.0,97.0
SMAS FATIH BILINGUAL SCHOOL,SMAS FATIH BILINGUAL SCHOOL,4.0,97.0
SMA NEGERI MODAL BANGSA,SMA NEGERI MODAL BANGSA,4.0,97.0
SMAN 1 MEDAN,SMAN 1 MEDAN,3.9977459,98.2344368
SMAS SUTOMO 1,SMAS SUTOMO 1,3.7835,98.6557
SMAS WR SUPRATMAN 2,SMAS WR SUPRATMAN 2,3.7746,98.6293
SMAS SUTOMO 2,SMAS SUTOMO 2,3.7746,98.6293
SMAS BUDI MULIA,SMAS BUDI MULIA,3.6596,98.7414
SMAS METHODIST 2 MEDAN,SMAS METHODIST 2 MEDAN,3.58333,98.66667
SMAN 4 MEDAN,SMAN 4 MEDAN,3.58333,98.66667
SMAN 3 MEDAN,SMAN 3 MEDAN,3.58333,98.66667
SMAS METHODIST 3 MEDAN,SMAS METHODIST 3 MEDAN,3.58333,98.66667
SMAN 2 MEDAN,SMAN 2 MEDAN,3.58333,98.66667
SMAS SANTO THOMAS 1 MEDAN,SMAS SANTO THOMAS 1 MEDAN,3.58333,98.66667
SMAN 15 MEDAN,SMAN 15 MEDAN,3.58333,98.66667
SMAN 5 MEDAN,SMAN 5 MEDAN,3.5653558,98.6983964
SMAS HARAPAN 3 DELI TUA,SMAS HARAPAN 3 DELI TUA,3.5078,98.6839
SMAN 1 TARAKAN,SMAN 1 TARAKAN,3.3066709,117.5865587
SMAN UNGGUL TAPAKTUAN,SMAN UNGGUL TAPAKTUAN,3.2582,97.18
SMA NEGERI 1 KABANJAHE,SMA NEGERI 1 KABANJAHE,3.1001,98.4908
SMAN 4 PEMATANG SIANTAR,SMAN 4 PEMATANG SIANTAR,2.978,99.0557
SMAN 1 SIDIKALANG,SMAN 1 SIDIKALANG,2.74899,98.3127
SMAN 2 BALIGE,SMAN 2 BALIGE,2.3328,99.0657
SMAN 2 LINTONGNIHUTA,SMAN 2 LINTONGNIHUTA,2.276,98.866
SMAN 1 BERAU,SMAN 1 BERAU,2.1665261,117.47946
SMAN 3 TARUTUNG,SMAN 3 TARUTUNG,2.01467,98.96548
SMAS KALAM KUDUS,SMAS KALAM KUDUS,2.0,99.0
SMA UNGGULAN CT FOUNDATION,SMA UNGGULAN CT FOUNDATION,2.0,99.0
SMAS NASIONAL PLUS CINTABUDAYA / CHONG WEN,SMAS NASIONAL PLUS CINTABUDAYA / CHONG WEN,2.0,99.0
SMAS KRISTEN KALAM KUDUS,SMAS KRISTEN KALAM KUDUS,2.0,99.0
SMAS UNGGUL DEL,SMAS UNGGUL DEL,2.0,99.0
SMAS METHODIST,SMAS METHODIST,2.0,99.0
SMAS PRIMEONE SCHOOL,SMAS PRIMEONE SCHOOL,2.0,99.0
SMAN BINSUS KOTA DUMAI,SMAN BINSUS KOTA DUMAI,1.6861544,101.4046993
SMAN 1 MATAULI PANDAN,SMAN 1 MATAULI PANDAN,1.6838000000000002,98.822
MAN INSAN CENDEKIA SAMBAS,MAN INSAN CENDEKIA SAMBAS,1.33333,109.25
SMA LENTERA HARAPAN TOMOHON,SMA LENTERA HARAPAN TOMOHON,1.31678,124.80379
SMAS LOKON ST NIKOLAUS TOMOHON,SMAS LOKON ST NIKOLAUS TOMOHON,1.31678,124.80379
MAN INSAN CENDEKIA TAPANULI SELATAN,MAN INSAN CENDEKIA TAPANULI SELATAN,1.2819,99.4768
SMA MANADO INDEPENDENT SCHOOL,SMA MANADO INDEPENDENT SCHOOL,1.25,124.83333
SMAN 1 BINTAN UTARA,SMAN 1 BINTAN UTARA,1.1147711,104.2434847
SMAN 19 BATAM,SMAN 19 BATAM,1.08333,104.05
SMAN 5 BATAM,SMAN 5 BATAM,1.08333,104.05
MAN INSAN CENDEKIA KOTA BATAM,MAN INSAN CENDEKIA KOTA BATAM,1.08333,104.05
SMKN 1 BATAM,SMKN 1 BATAM,1.08333,104.05
SMAN 4 BATAM,SMAN 4 BATAM,1.08333,104.05
SMAN 20 BATAM,SMAN 20 BATAM,1.08333,104.05
MAN BATAM,MAN BATAM,1.08333,104.05
SMAN 3 BATAM,SMAN 3 BATAM,1.08333,104.05
SMAN 1 BATAM,SMAN 1 BATAM,1.08333,104.05
SMAN 1 TANJUNG PINANG,SMAN 1 TANJUNG PINANG,0.91683,104.44329
SMAN 1 TANJUNGPINANG,SMAN 1 TANJUNGPINANG,0.91667,104.45
SMAN 2 TANJUNGPINANG,SMAN 2 TANJUNGPINANG,0.91667,104.45
SMAS SANTO IGNASIUS SINGKAWANG,SMAS SANTO IGNASIUS SINGKAWANG,0.90925,108.98463
SMAN 3 SINGKAWANG,SMAN 3 SINGKAWANG,0.90925,108.98463
SMAS CENDANA MANDAU,SMAS CENDANA MANDAU,0.7833300000000001,101.76667
SMAS Mutiara Harapan,SMAS Mutiara Harapan,0.7107,100.534
SMAN 1 TUALANG,SMAN 1 TUALANG,0.6866379,101.5863992
SMAS ISLAM TERPADU ULIL ALBAB,SMAS ISLAM TERPADU ULIL ALBAB,0.61667,106.98333
SMAS KATOLIK YOS SUDARSO,SMAS KATOLIK YOS SUDARSO,0.61667,106.98333
SMAS IT IMAM SYAFII,SMAS IT IMAM SYAFII,0.61667,106.98333
SMAS KARTINI,SMAS KARTINI,0.61667,106.98333
SMAS MAITREYAWIRA,SMAS MAITREYAWIRA,0.61667,106.98333
MAN Insan Cendekia Gorontalo,MAN Insan Cendekia Gorontalo,0.5536152,123.1280805
SMK KEHUTANAN NEGERI PEKANBARU,SMK KEHUTANAN NEGERI PEKANBARU,0.5333300000000001,101.45
SMA NEGERI 4 PEKANBARU,SMA NEGERI 4 PEKANBARU,0.5333300000000001,101.45
SMK NEGERI 1 PEKANBARU,SMK NEGERI 1 PEKANBARU,0.5260769,101.4587647
SMA NEGERI 1 PEKANBARU,SMA NEGERI 1 PEKANBARU,0.5255217999999999,101.4542464
SMA NEGERI 2 PEKANBARU,SMA NEGERI 2 PEKANBARU,0.5211836,101.4316043
SMAN 2 SANGATTA UTARA,SMAN 2 SANGATTA UTARA,0.5143757,117.5398223
MAN 2 PEKANBARU,MAN 2 PEKANBARU,0.5107520999999999,101.4530912
SMA NEGERI 8 PEKANBARU,SMA NEGERI 8 PEKANBARU,0.5083833,101.4582764
SMAS DARMA YUDHA,SMAS DARMA YUDHA,0.5005000000000001,101.749
SMA DHARMA LOKA,SMA DHARMA LOKA,0.5005000000000001,101.749
MAN INSAN CENDEKIA SIAK,MAN INSAN CENDEKIA SIAK,0.5005000000000001,101.749
SMA IT AL ITTIHAD,SMA IT AL ITTIHAD,0.5005000000000001,101.749
SMAS CENDANA,SMAS CENDANA,0.5005000000000001,101.749
SMAS SANTO TARCISIUS,SMAS SANTO TARCISIUS,0.5005000000000001,101.749
SMAN PLUS PROP RIAU,SMAN PLUS PROP RIAU,0.5005000000000001,101.749
SMA IT AL BAYYINAH,SMA IT AL BAYYINAH,0.5005000000000001,101.749
SMAS SANTA MARIA,SMAS SANTA MARIA,0.5005000000000001,101.749
SMAS PLUS TARUNA ANDALAN,SMAS PLUS TARUNA ANDALAN,0.5005000000000001,101.749
MAN 1 PEKANBARU,MAN 1 PEKANBARU,0.5004784999999999,101.4412531
SMAS IT DAARUL HIKMAH,SMAS IT DAARUL HIKMAH,0.5,116.5
SMAS Islam Bunga Bangsa,SMAS Islam Bunga Bangsa,0.5,116.5
MAN INSAN CENDEKIA PASER,MAN INSAN CENDEKIA PASER,0.5,116.5
SMAS YAYASAN PENDIDIKAN VIDYA DAHANA PATRA,SMAS YAYASAN PENDIDIKAN VIDYA DAHANA PATRA,0.5,116.5
SMA Islam Terpadu Granada,SMA Islam Terpadu Granada,0.5,116.5
SMAN 1 LUBUK SIKAPING,SMAN 1 LUBUK SIKAPING,0.14411,100.1657
SMAN 1 SANGGAU,SMAN 1 SANGGAU,0.13333,110.6
SMAN 2 BONTANG,SMAN 2 BONTANG,0.1324,117.4854
SMAS YAYASAN PUPUK KALTIM BONTANG,SMAS YAYASAN PUPUK KALTIM BONTANG,0.1324,117.4854
SMAN 1 BONTANG,SMAN 1 BONTANG,0.1324,117.4854
SMA NEGERI 3 SUMATERA BARAT,SMA NEGERI 3 SUMATERA BARAT,0.102919,100.1912919
SMA N 1 PASAMAN,SMA N 1 PASAMAN,0.0833,99.81667
SMAS KRISTEN IMMANUEL,SMAS KRISTEN IMMANUEL,0.0,110.5
SMAS GEMBALA BAIK PONTIANAK,SMAS GEMBALA BAIK PONTIANAK,-0.03109,109.32199
SMA KATOLIK SANTU PETRUS PONTIANAK,SMA KATOLIK SANTU PETRUS PONTIANAK,-0.03109,109.32199
SMAN 1 PONTIANAK,SMAN 1 PONTIANAK,-0.03109,109.32199
SMAN 3 PONTIANAK,SMAN 3 PONTIANAK,-0.03109,109.32199
MAN 2 PONTIANAK,MAN 2 PONTIANAK,-0.0596325,109.3540116
SMAN 1 PAYAKUMBUH,SMAN 1 PAYAKUMBUH,-0.2159,100.6334
SMAN 2 PAYAKUMBUH,SMAN 2 PAYAKUMBUH,-0.2159,100.6334
SMAN 3 BUKITTINGGI,SMAN 3 BUKITTINGGI,-0.30907,100.37055
SMAN 2 BUKITTINGGI,SMAN 2 BUKITTINGGI,-0.30907,100.37055
MAN 1 KOTA BUKITTINGGI,MAN 1 KOTA BUKITTINGGI,-0.30907,100.37055
SMAN 1 BUKITTINGGI,SMAN 1 BUKITTINGGI,-0.30907,100.37055
SMAN 1 RENGAT,SMAN 1 RENGAT,-0.3695205,102.5239413
SMA N 2 SUMATERA BARAT,SMA N 2 SUMATERA BARAT,-0.4625385999999999,100.4270668
SMAN 2 PADANG PANJANG,SMAN 2 PADANG PANJANG,-0.46721,100.40226
SMAN 1 PADANG PANJANG,SMAN 1 PADANG PANJANG,-0.46721,100.40226
SMA Negeri 3 Samarinda,SMA Negeri 3 Samarinda,-0.48585,117.1466
SMAS SF Assisi Samarinda,SMAS SF Assisi Samarinda,-0.48585,117.1466
MAN 2 SAMARINDA,MAN 2 SAMARINDA,-0.48585,117.1466
SMA Negeri 1 Samarinda,SMA Negeri 1 Samarinda,-0.48585,117.1466
SMA Negeri 2 Samarinda,SMA Negeri 2 Samarinda,-0.48585,117.1466
SMA Negeri 10 Samarinda,SMA Negeri 10 Samarinda,-0.48585,117.1466
SMAN PINTAR,SMAN PINTAR,-0.5268657999999999,101.5582841
SMAN 1 SUMATERA BARAT,SMAN 1 SUMATERA BARAT,-0.5444061,100.0835527
SMAN 1 PARIAMAN,SMAN 1 PARIAMAN,-0.6189800000000001,100.11997
SMAN 1 SAWAHLUNTO,SMAN 1 SAWAHLUNTO,-0.67483,100.80715
SMAN 1 SOLOK,SMAN 1 SOLOK,-0.8006000000000001,100.6571
SMAS AVEROS,SMAS AVEROS,-0.86531,134.06118
MAN INSAN CENDEKIA KOTA PALU,MAN INSAN CENDEKIA KOTA PALU,-0.8917,119.8707
SMAS AL - AZHAR MANDIRI PALU,SMAS AL - AZHAR MANDIRI PALU,-0.8917,119.8707
SMAN MODEL TERPADU MADANI,SMAN MODEL TERPADU MADANI,-0.9166,122.3538
SMAN 10 PADANG,SMAN 10 PADANG,-0.94924,100.35427
SMAN 4 PADANG,SMAN 4 PADANG,-0.94924,100.35427
SMKN ANALIS KIMIA PADANG,SMKN ANALIS KIMIA PADANG,-0.94924,100.35427
SMAN 1 PADANG,SMAN 1 PADANG,-0.94924,100.35427
SMAN 7 PADANG,SMAN 7 PADANG,-0.94924,100.35427
SMAN 3 PADANG,SMAN 3 PADANG,-0.94924,100.35427
SMAN 2 PADANG,SMAN 2 PADANG,-0.94924,100.35427
MAS KMI DINIYAH PUTERI,MAS KMI DINIYAH PUTERI,-1.0,100.5
SMA NEGERI AGAM CENDEKIA,SMA NEGERI AGAM CENDEKIA,-1.0,100.5
SMAS DON BOSCO,SMAS DON BOSCO,-1.0,100.5
MAS PERGURUAN ISLAM AR RISALAH,MAS PERGURUAN ISLAM AR RISALAH,-1.0,100.5
SMA NEGERI 1 AMPEK ANGKEK,SMA NEGERI 1 AMPEK ANGKEK,-1.0,100.5
SMAN 3 BATU SANGKAR,SMAN 3 BATU SANGKAR,-1.0,100.5
SMAN 1 BATU SANGKAR,SMAN 1 BATU SANGKAR,-1.0,100.5
MAN INSAN CENDEKIA PADANG PARIAMAN,MAN INSAN CENDEKIA PADANG PARIAMAN,-1.0076,100.615
SMAN 2 BALIKPAPAN UTARA,SMAN 2 BALIKPAPAN UTARA,-1.1536,116.8843
SMAN 5 BALIKPAPAN SELATAN,SMAN 5 BALIKPAPAN SELATAN,-1.2457,116.895
SMAN 1 BALIKPAPAN ,SMAN 1 BALIKPAPAN ,-1.26753,116.82887
SMKN 1 BALIKPAPAN,SMKN 1 BALIKPAPAN,-1.26753,116.82887
SMAN 3 PAINAN,SMAN 3 PAINAN,-1.35172,100.57383
SMAIT NURUL ILMI,SMAIT NURUL ILMI,-1.5,103.0
SMAS BINA KASIH,SMAS BINA KASIH,-1.5,103.0
SMAS XAVERIUS 1,SMAS XAVERIUS 1,-1.5,103.0
MAN INSAN CENDEKIA JAMBI,MAN INSAN CENDEKIA JAMBI,-1.5953342,103.4670167
SMAN TITIAN TERAS,SMAN TITIAN TERAS,-1.5970586999999998,103.4655687
SMAN 1 KOTA JAMBI,SMAN 1 KOTA JAMBI,-1.5998065,103.4787021
SMAN 3 KOTA JAMBI,SMAN 3 KOTA JAMBI,-1.6160534,103.620506
SMAN 1 BELINYU,SMAN 1 BELINYU,-1.63558,105.77105
SMAN 1 KETAPANG,SMAN 1 KETAPANG,-1.83862,109.97728
SMAN 1 PANGKALAN BUN,SMAN 1 PANGKALAN BUN,-2.0,113.5
SMKN 1 PANGKALPINANG,SMKN 1 PANGKALPINANG,-2.1244169,106.1001575
SMAN 1 PANGKAL PINANG,SMAN 1 PANGKAL PINANG,-2.1246204,106.1056044
MAN KOTA PALANGKA RAYA,MAN KOTA PALANGKA RAYA,-2.2136,113.9108
SMAN 2 PALANGKA RAYA,SMAN 2 PALANGKA RAYA,-2.2136,113.9108
MAN 2 HULU SUNGAI UTARA,MAN 2 HULU SUNGAI UTARA,-2.3918,115.412
SMAN BANUA KAL SEL,SMAN BANUA KAL SEL,-2.5,115.5
SMAS KRISTEN KANAAN,SMAS KRISTEN KANAAN,-2.5,115.5
SMAS GIBS,SMAS GIBS,-2.5,115.5
MAN INSAN CENDEKIA TANAH LAUT,MAN INSAN CENDEKIA TANAH LAUT,-2.5,115.5
SMAN 1 SAMPIT,SMAN 1 SAMPIT,-2.5315,112.9496
SMAN 1 SUNGAI LIAT,SMAN 1 SUNGAI LIAT,-2.66667,106.66667
SMAN 1 KELAPA KAMPIT,SMAN 1 KELAPA KAMPIT,-2.66667,106.66667
MAN INSAN CENDEKIA BANGKA TENGAH,MAN INSAN CENDEKIA BANGKA TENGAH,-2.66667,106.66667
SMAN 1 TANJUNG PANDAN,SMAN 1 TANJUNG PANDAN,-2.73353,107.63477
SMKN 1 TANJUNGPANDAN,SMKN 1 TANJUNGPANDAN,-2.73353,107.63477
SMAN 1 UNGGULAN MUARA ENIM,SMAN 1 UNGGULAN MUARA ENIM,-2.75,103.83333
MAN Insan Cendekia Oki,MAN Insan Cendekia Oki,-2.75,103.83333
MAN 1 KOTA LUBUK LINGGAU,MAN 1 KOTA LUBUK LINGGAU,-2.75,103.83333
MAN 1 TAPIN,MAN 1 TAPIN,-2.8778,115.0542
SMAN 2 SEKAYU,SMAN 2 SEKAYU,-2.8819,103.8344
SMAN 1 MANGGAR,SMAN 1 MANGGAR,-2.88333,108.26667
SMA NEGERI 03 PALEMBANG,SMA NEGERI 03 PALEMBANG,-2.9167300000000003,104.7458
SMA NEGERI 01 PALEMBANG,SMA NEGERI 01 PALEMBANG,-2.9167300000000003,104.7458
SMA NEGERI 06 PALEMBANG,SMA NEGERI 06 PALEMBANG,-2.9167300000000003,104.7458
SMA IGNATIUS GLOBAL SCHOOL (IGS) PALEMBANG,SMA IGNATIUS GLOBAL SCHOOL (IGS) PALEMBANG,-2.9167300000000003,104.7458
SMA NEGERI 17 PALEMBANG,SMA NEGERI 17 PALEMBANG,-2.9416134,104.7474659
SMA KUSUMA BANGSA PALEMBANG,SMA KUSUMA BANGSA PALEMBANG,-2.9497191,104.776971
SMAS KRISTEN BARANA,SMAS KRISTEN BARANA,-2.9518,120.0017
SMA XAVERIUS 01 PALEMBANG,SMA XAVERIUS 01 PALEMBANG,-2.9670191,104.7636671
SMA XAVERIUS 03 PALEMBANG,SMA XAVERIUS 03 PALEMBANG,-2.9670191,104.7636671
SMAS KRISTEN 2 RANTEPAO,SMAS KRISTEN 2 RANTEPAO,-2.9701,119.8978
SMAN SUMATERA SELATAN,SMAN SUMATERA SELATAN,-3.0212585,104.7782125
SMAS KRISTEN REHOBOTH,SMAS KRISTEN REHOBOTH,-3.23846,130.14527
SMAN 7 BANJARMASIN,SMAN 7 BANJARMASIN,-3.31987,114.59075
SMAN 1 BANJARMASIN,SMAN 1 BANJARMASIN,-3.31987,114.59075
SMAN 1 MARTAPURA,SMAN 1 MARTAPURA,-3.4109,114.8642
SMAN 1 BANJARBARU,SMAN 1 BANJARBARU,-3.4406,114.8365
SMAN 2 BANJARBARU,SMAN 2 BANJARBARU,-3.4406,114.8365
SMAN 1 REJANG LEBONG,SMAN 1 REJANG LEBONG,-3.4636924,102.6837683
SMAN SIWALIMA AMBON,SMAN SIWALIMA AMBON,-3.69543,128.18141
SMAN 4 LAHAT,SMAN 4 LAHAT,-3.78514,103.54279
SMAN 1 PELAIHARI,SMAN 1 PELAIHARI,-3.7987,114.7788
SMAS SINT CAROLUS,SMAS SINT CAROLUS,-3.80044,102.26554
SMAN 10 KAUR (PENTAGON),SMAN 10 KAUR (PENTAGON),-3.80044,102.26554
MAN INSAN CENDEKIA KOTA KENDARI,MAN INSAN CENDEKIA KOTA KENDARI,-3.9778,122.51507
SMA NEGERI 5 PAREPARE,SMA NEGERI 5 PAREPARE,-4.0135,119.6255
SMAS ISLAM ATHIRAH,SMAS ISLAM ATHIRAH,-4.33333,120.25
SMAS ZION,SMAS ZION,-4.33333,120.25
SMAS KATOLIK RAJAWALI,SMAS KATOLIK RAJAWALI,-4.33333,120.25
SMAN 5 BENGKULU,SMAN 5 BENGKULU,-4.4440366,102.9222524
MAN INSAN CENDEKIA BENGKULU TENGAH,MAN INSAN CENDEKIA BENGKULU TENGAH,-4.49115,103.5054
SMAS IT AR RAIHAN ,SMAS IT AR RAIHAN ,-5.0,105.0
SMA S FRANSISCUS,SMA S FRANSISCUS,-5.0,105.0
SMAS IT BAITUL MUSLIM,SMAS IT BAITUL MUSLIM,-5.0,105.0
SMA S AL KAUTSAR ,SMA S AL KAUTSAR ,-5.0,105.0
SMA KEBANGSAAN,SMA KEBANGSAAN,-5.0,105.0
SMAN 1 METRO,SMAN 1 METRO,-5.11306,105.30667
SMAN 2 MAKASSAR,SMAN 2 MAKASSAR,-5.14,119.4221
SMAN 5 GOWA,SMAN 5 GOWA,-5.16667,119.66667
MAN INSAN CENDEKIA GOWA,MAN INSAN CENDEKIA GOWA,-5.16667,119.66667
SMKN 11 MAKASSAR,SMKN 11 MAKASSAR,-5.1701857,119.4299465
SMAN 17 MAKASSAR,SMAN 17 MAKASSAR,-5.1715198,119.4159242
SMAN 5 MAKASSAR,SMAN 5 MAKASSAR,-5.1715198,119.4159242
SMAS SUGAR GROUP B MATARAM,SMAS SUGAR GROUP B MATARAM,-5.29974,105.74439
SMAN 1 PRINGSEWU,SMAN 1 PRINGSEWU,-5.2998722,104.9242154
SMA S XAVERIUS BANDAR LAMPUNG,SMA S XAVERIUS BANDAR LAMPUNG,-5.42544,105.25803
SMAN 2 BANDAR LAMPUNG,SMAN 2 BANDAR LAMPUNG,-5.42544,105.25803
SMAN 9 BANDAR LAMPUNG,SMAN 9 BANDAR LAMPUNG,-5.42544,105.25803
SMAN 2 KRAKATAU STEEL CILEGON,SMAN 2 KRAKATAU STEEL CILEGON,-5.9924725,106.0328066
SMAN 1 CILEGON,SMAN 1 CILEGON,-6.0255837,106.0493008
SMAN 3 KABUPATEN TANGERANG,SMAN 3 KABUPATEN TANGERANG,-6.0653159,106.6521484
SMAN 10,SMAN 10,-6.0653159,106.6521484
SMAN 23 KABUPATEN TANGERANG,SMAN 23 KABUPATEN TANGERANG,-6.0653159,106.6521484
SMAN 1 KABUPATEN TANGERANG,SMAN 1 KABUPATEN TANGERANG,-6.0653159,106.6521484
SMA PESANTREN UNGGUL AL BAYAN ANYER,SMA PESANTREN UNGGUL AL BAYAN ANYER,-6.06964,105.88888
SMA TARAKANITA 1 JAKARTA,SMA TARAKANITA 1 JAKARTA,-6.1143614,106.7913193
SMAN 52 JAKARTA,SMAN 52 JAKARTA,-6.122613,106.92425
SMAN 1 KOTA SERANG,SMAN 1 KOTA SERANG,-6.12563,106.14999
MAN 2 KOTA SERANG,MAN 2 KOTA SERANG,-6.1266296,106.1636337
SMAS KRISTEN IPEKA SUNTER,SMAS KRISTEN IPEKA SUNTER,-6.1408,106.8698
SMKN 42 JAKARTA,SMKN 42 JAKARTA,-6.1440935,106.7293681
SMAN 84 JAKARTA,SMAN 84 JAKARTA,-6.144834,106.70458
SMAN 7 TANGERANG,SMAN 7 TANGERANG,-6.1549221,106.3977496
SMAN 4 TANGERANG,SMAN 4 TANGERANG,-6.165195,106.6179063
SMAS MARDI WALUYA,SMAS MARDI WALUYA,-6.17361,107.33278
SMAS KRISTEN IPEKA TOMANG,SMAS KRISTEN IPEKA TOMANG,-6.1745,106.7963
SMAN 60 JAKARTA,SMAN 60 JAKARTA,-6.17466,106.7559458
SMAN 75 JAKARTA,SMAN 75 JAKARTA,-6.17466,106.7559458
SMAN 50 JAKARTA,SMAN 50 JAKARTA,-6.17466,106.7559458
SMAN 90 JAKARTA,SMAN 90 JAKARTA,-6.17466,106.7559458
SMAN 42 JAKARTA,SMAN 42 JAKARTA,-6.17466,106.7559458
SMAN 112 JAKARTA,SMAN 112 JAKARTA,-6.17466,106.7559458
SMAN 77 JAKARTA,SMAN 77 JAKARTA,-6.17466,106.7559458
SMAN 99 JAKARTA,SMAN 99 JAKARTA,-6.17466,106.7559458
SMAN 74 JAKARTA,SMAN 74 JAKARTA,-6.17466,106.7559458
SMAN 95 JAKARTA,SMAN 95 JAKARTA,-6.17466,106.7559458
SMAN 22 JAKARTA,SMAN 22 JAKARTA,-6.17466,106.7559458
SMAN 97 JAKARTA,SMAN 97 JAKARTA,-6.17466,106.7559458
SMAN 79 JAKARTA,SMAN 79 JAKARTA,-6.17466,106.7559458
SMAN 35 JAKARTA,SMAN 35 JAKARTA,-6.17466,106.7559458
SMAN 37 JAKARTA,SMAN 37 JAKARTA,-6.17466,106.7559458
SMAN 87 JAKARTA,SMAN 87 JAKARTA,-6.17466,106.7559458
SMAN 94 JAKARTA,SMAN 94 JAKARTA,-6.17466,106.7559458
SMAN 7 JAKARTA,SMAN 7 JAKARTA,-6.17466,106.7559458
SMAN 20 JAKARTA,SMAN 20 JAKARTA,-6.17466,106.7559458
SMAN 5 JAKARTA,SMAN 5 JAKARTA,-6.17466,106.7559458
SMAN 101 JAKARTA,SMAN 101 JAKARTA,-6.17466,106.7559458
SMAN 111 JAKARTA,SMAN 111 JAKARTA,-6.17466,106.7559458
SMAN 105 JAKARTA,SMAN 105 JAKARTA,-6.17466,106.7559458
SMAN 59 JAKARTA,SMAN 59 JAKARTA,-6.17466,106.7559458
SMAN 72 JAKARTA,SMAN 72 JAKARTA,-6.17466,106.7559458
SMAN 2 JAKARTA,SMAN 2 JAKARTA,-6.17466,106.7559458
SMAN 78 JAKARTA,SMAN 78 JAKARTA,-6.17466,106.7559458
SMAN 102 JAKARTA,SMAN 102 JAKARTA,-6.17466,106.7559458
SMAN 54 JAKARTA,SMAN 54 JAKARTA,-6.17466,106.7559458
SMAN 76 JAKARTA,SMAN 76 JAKARTA,-6.17466,106.7559458
SMAN 53 JAKARTA,SMAN 53 JAKARTA,-6.17466,106.7559458
SMAN 29 JAKARTA,SMAN 29 JAKARTA,-6.17466,106.7559458
SMAN 57 JAKARTA,SMAN 57 JAKARTA,-6.17466,106.7559458
SMAN 47 JAKARTA,SMAN 47 JAKARTA,-6.17466,106.7559458
SMAN 9 JAKARTA,SMAN 9 JAKARTA,-6.17466,106.7559458
SMAN 11 JAKARTA,SMAN 11 JAKARTA,-6.17466,106.7559458
SMAN 113 JAKARTA,SMAN 113 JAKARTA,-6.17466,106.7559458
SMAN 4 JAKARTA,SMAN 4 JAKARTA,-6.17466,106.7559458
SMAN 110 JAKARTA,SMAN 110 JAKARTA,-6.17466,106.7559458
SMAN 27 JAKARTA,SMAN 27 JAKARTA,-6.17466,106.7559458
SMAN 70 JAKARTA,SMAN 70 JAKARTA,-6.17466,106.7559458
SMAN 21 JAKARTA,SMAN 21 JAKARTA,-6.17466,106.7559458
SMAN 44 JAKARTA,SMAN 44 JAKARTA,-6.17466,106.7559458
SMAN 45 JAKARTA,SMAN 45 JAKARTA,-6.1747471,106.9057989
SMAN 10 BEKASI,SMAN 10 BEKASI,-6.176106,106.9811153
SMAK PENABUR KOTA TANGERANG,SMAK PENABUR KOTA TANGERANG,-6.17806,106.63
SMAS ISLAM TERPADU ALIA TANGERANG,SMAS ISLAM TERPADU ALIA TANGERANG,-6.17806,106.63
SMKN 26 JAKARTA,SMKN 26 JAKARTA,-6.193898,106.88623
SMK CARAKA NUSANTARA,SMK CARAKA NUSANTARA,-6.1969371,106.9495989
SMAN 14 BEKASI,SMAN 14 BEKASI,-6.197052,107.0085411
SMAN 65 JAKARTA,SMAN 65 JAKARTA,-6.2008447,106.7690199
SMAN 24 JAKARTA,SMAN 24 JAKARTA,-6.2107899,106.7963014
SMAN 12 JAKARTA,SMAN 12 JAKARTA,-6.2107899,106.7963014
SMAN 4 BEKASI,SMAN 4 BEKASI,-6.2133601,106.9834352
PKBM Windsor,PKBM Windsor,-6.21462,106.84513
SMAS GLOBAL ISLAMIC SCHOOL,SMAS GLOBAL ISLAMIC SCHOOL,-6.21462,106.84513
SMAS DON BOSCO 2 JAKARTA,SMAS DON BOSCO 2 JAKARTA,-6.21462,106.84513
SMA EMIISc Jakarta,SMA EMIISc Jakarta,-6.21462,106.84513
SMAS SANTO YOSEPH JAKARTA,SMAS SANTO YOSEPH JAKARTA,-6.21462,106.84513
SMAS FONS VITAE 1 JAKARTA,SMAS FONS VITAE 1 JAKARTA,-6.21462,106.84513
SMAIT Buahati Islamic School,SMAIT Buahati Islamic School,-6.21462,106.84513
SMAS PANGUDI LUHUR JAKARTA,SMAS PANGUDI LUHUR JAKARTA,-6.21462,106.84513
SMAS KRISTEN 2 BPK PENABUR,SMAS KRISTEN 2 BPK PENABUR,-6.21462,106.84513
SMAS BUDI MULIA JAKARTA,SMAS BUDI MULIA JAKARTA,-6.21462,106.84513
SMAS JAKARTA ISLAMIC SCHOOL,SMAS JAKARTA ISLAMIC SCHOOL,-6.21462,106.84513
SMA ISLAM AL-AZHAR 2 JAKARTA,SMA ISLAM AL-AZHAR 2 JAKARTA,-6.21462,106.84513
MAN 13 JAKARTA,MAN 13 JAKARTA,-6.21462,106.84513
SMAS KRISTEN 7 BPK PENABUR JAKARTA,SMAS KRISTEN 7 BPK PENABUR JAKARTA,-6.21462,106.84513
SMKN 45 JAKARTA,SMKN 45 JAKARTA,-6.21462,106.84513
MAS PEMBANGUNAN UIN,MAS PEMBANGUNAN UIN,-6.21462,106.84513
SMAS HIGH SCOPE,SMAS HIGH SCOPE,-6.21462,106.84513
SMAS ISLAM AL-AZHAR 3 JAKARTA,SMAS ISLAM AL-AZHAR 3 JAKARTA,-6.21462,106.84513
SMAS AL IZHAR JAKARTA,SMAS AL IZHAR JAKARTA,-6.21462,106.84513
SMAS ISLAM PB SOEDIRMAN,SMAS ISLAM PB SOEDIRMAN,-6.21462,106.84513
SMAS INTERNATIONAL ISLAMIC HIGH SCHOOL (IIHS),SMAS INTERNATIONAL ISLAMIC HIGH SCHOOL (IIHS),-6.21462,106.84513
SMKN 8 JAKARTA,SMKN 8 JAKARTA,-6.21462,106.84513
SMAS KRISTEN IPEKA PURI INDAH,SMAS KRISTEN IPEKA PURI INDAH,-6.21462,106.84513
MAN 12 JAKARTA,MAN 12 JAKARTA,-6.21462,106.84513
SMAK TIRTAMARTA - BPK PENABUR,SMAK TIRTAMARTA - BPK PENABUR,-6.21462,106.84513
MAN 8 JAKARTA,MAN 8 JAKARTA,-6.21462,106.84513
SMAS 4 KRISTEN PENABUR,SMAS 4 KRISTEN PENABUR,-6.21462,106.84513
MAN 2 JAKARTA,MAN 2 JAKARTA,-6.21462,106.84513
SMAS BUNDA HATI KUDUS,SMAS BUNDA HATI KUDUS,-6.21462,106.84513
SMAS SANTA THERESIA JAKARTA,SMAS SANTA THERESIA JAKARTA,-6.21462,106.84513
SMAS K CALVIN,SMAS K CALVIN,-6.21462,106.84513
SMKN 25 JAKARTA,SMKN 25 JAKARTA,-6.21462,106.84513
SMAS SANTO YAKOBUS JAKARTA,SMAS SANTO YAKOBUS JAKARTA,-6.21462,106.84513
SMAS ISLAM AL-AZHAR 1 JAKARTA,SMAS ISLAM AL-AZHAR 1 JAKARTA,-6.21462,106.84513
MAN 9 JAKARTA,MAN 9 JAKARTA,-6.21462,106.84513
SMAS GONZAGA JAKARTA,SMAS GONZAGA JAKARTA,-6.21462,106.84513
SMAS DARUNNAJAH,SMAS DARUNNAJAH,-6.21462,106.84513
SMKN 62 JAKARTA,SMKN 62 JAKARTA,-6.21462,106.84513
SMAS KRISTEN YUSUF,SMAS KRISTEN YUSUF,-6.21462,106.84513
SMAS DIAN HARAPAN,SMAS DIAN HARAPAN,-6.21462,106.84513
SMAS KRISTEN 3 PENABUR JAKARTA,SMAS KRISTEN 3 PENABUR JAKARTA,-6.21462,106.84513
SMAS KRISTEN 5 BPK PENABUR,SMAS KRISTEN 5 BPK PENABUR,-6.21462,106.84513
SMAS KRISTEN 6 PENABUR,SMAS KRISTEN 6 PENABUR,-6.21462,106.84513
SMAS KANISIUS JAKARTA,SMAS KANISIUS JAKARTA,-6.21462,106.84513
SMAS LABSCHOOL JAKARTA,SMAS LABSCHOOL JAKARTA,-6.21462,106.84513
SMAS 1 KRISTEN BPK PENABUR,SMAS 1 KRISTEN BPK PENABUR,-6.21462,106.84513
SMAS KATOLIK SANG TIMUR,SMAS KATOLIK SANG TIMUR,-6.21462,106.84513
SMKN 51 JAKARTA,SMKN 51 JAKARTA,-6.21462,106.84513
SMAS SANTA URSULA,SMAS SANTA URSULA,-6.21462,106.84513
SMAS REGINA PACIS,SMAS REGINA PACIS,-6.21462,106.84513
SMAN 85 JAKARTA,SMAN 85 JAKARTA,-6.2150826,106.7598331
MAN 10 JAKARTA,MAN 10 JAKARTA,-6.2168184,106.7210268
SMKN 48 JAKARTA,SMKN 48 JAKARTA,-6.2193627,106.9235958
SMAN 3 TANGERANG,SMAN 3 TANGERANG,-6.2246483,106.7034693
SMAN 100 JAKARTA,SMAN 100 JAKARTA,-6.2284083,106.8849278
SMA KRISTEN PENABUR SUMMARECON BEKASI,SMA KRISTEN PENABUR SUMMARECON BEKASI,-6.2349,106.9896
MAN 1 KOTA BEKASI,MAN 1 KOTA BEKASI,-6.2349,106.9896
SMAN 61 JAKARTA,SMAN 61 JAKARTA,-6.2369163,106.898287
SMAN 18 BEKASI,SMAN 18 BEKASI,-6.2377605,107.0360493
SMAN 62 JAKARTA,SMAN 62 JAKARTA,-6.2418004,106.9112396
SMAN 1 JAKARTA,SMAN 1 JAKARTA,-6.2418004,106.9112396
SMAN 107 JAKARTA,SMAN 107 JAKARTA,-6.2418004,106.9112396
SMAN 66 JAKARTA,SMAN 66 JAKARTA,-6.2418004,106.9112396
SMAN 33 JAKARTA,SMAN 33 JAKARTA,-6.2418004,106.9112396
SMAN 19 JAKARTA,SMAN 19 JAKARTA,-6.2418004,106.9112396
SMAN 46 JAKARTA,SMAN 46 JAKARTA,-6.2418004,106.9112396
SMAN 6 JAKARTA,SMAN 6 JAKARTA,-6.2418004,106.9112396
SMAN 71 JAKARTA,SMAN 71 JAKARTA,-6.2418004,106.9112396
SMAN 96 JAKARTA,SMAN 96 JAKARTA,-6.2418004,106.9112396
SMAN 106 JAKARTA,SMAN 106 JAKARTA,-6.2418004,106.9112396
SMAN 91 JAKARTA,SMAN 91 JAKARTA,-6.2418004,106.9112396
SMAN 64 JAKARTA,SMAN 64 JAKARTA,-6.2418004,106.9112396
SMAN 16 JAKARTA,SMAN 16 JAKARTA,-6.2418004,106.9112396
SMAN 26 JAKARTA,SMAN 26 JAKARTA,-6.2418004,106.9112396
SMKN 6 JAKARTA,SMKN 6 JAKARTA,-6.2432145,106.8077974
SMA LABSCHOOL KEBAYORAN,SMA LABSCHOOL KEBAYORAN,-6.2451818,106.7913388
SMA GARUDA CENDEKIA,SMA GARUDA CENDEKIA,-6.2471384,106.8125895
SMAN 1 TANGERANG,SMAN 1 TANGERANG,-6.2498361,106.7088196
SMAN 8 TANGERANG,SMAN 8 TANGERANG,-6.2498361,106.7088196
SMAN 11 TANGERANG,SMAN 11 TANGERANG,-6.2498361,106.7088196
SMAN 15 TANGERANG,SMAN 15 TANGERANG,-6.2498361,106.7088196
SMAN 5 TANGERANG,SMAN 5 TANGERANG,-6.2498361,106.7088196
SMAN 12 TANGERANG,SMAN 12 TANGERANG,-6.2498361,106.7088196
SMKN 3 KOTA BEKASI,SMKN 3 KOTA BEKASI,-6.2515235,107.1280215
SMAN 108 JAKARTA,SMAN 108 JAKARTA,-6.2526134,106.7621152
SMAN 55 JAKARTA,SMAN 55 JAKARTA,-6.2534821,106.8386539
SMAN 2 BEKASI,SMAN 2 BEKASI,-6.2554669,107.1149754
SMAN 7 KOTA TANGERANG SELATAN,SMAN 7 KOTA TANGERANG SELATAN,-6.2565316,106.6614935
SMAN 3 BEKASI,SMAN 3 BEKASI,-6.2654472,107.1865029
SMKN 1 KOTA BEKASI,SMKN 1 KOTA BEKASI,-6.2655555,107.1358237
SMAS PRAMITA CURUG,SMAS PRAMITA CURUG,-6.26583,106.55639
SMAN 5 TAMBUN SELATAN,SMAN 5 TAMBUN SELATAN,-6.2673062,107.0186634
SMAN 2 TAMBUN SELATAN,SMAN 2 TAMBUN SELATAN,-6.2673062,107.0186634
SMAN 1 TAMBUN SELATAN,SMAN 1 TAMBUN SELATAN,-6.2673062,107.0186634
SMAN 13 BEKASI,SMAN 13 BEKASI,-6.2681124,107.0049966
SMAN 67 JAKARTA,SMAN 67 JAKARTA,-6.2762325,106.8866325
SMAN 51 JAKARTA,SMAN 51 JAKARTA,-6.276921,106.86075
SMAN 6 BEKASI,SMAN 6 BEKASI,-6.2809837,106.9736697
MAN 4 JAKARTA,MAN 4 JAKARTA,-6.2820586,106.7705595
SMKN 10 JAKARTA,SMKN 10 JAKARTA,-6.283544,106.794151
SMKN 20 JAKARTA,SMKN 20 JAKARTA,-6.283564,106.793838
SMAN 28 JAKARTA,SMAN 28 JAKARTA,-6.2860703,106.8331957
SMA ISLAM TERPADU AULIYA,SMA ISLAM TERPADU AULIYA,-6.2904498,106.7040209
SMAN 1 KOTA TANGERANG SELATAN,SMAN 1 KOTA TANGERANG SELATAN,-6.29373,106.71244
MAN 1 KOTA TANGERANG SELATAN,MAN 1 KOTA TANGERANG SELATAN,-6.29373,106.71244
SMAN 4 KOTA TANGERANG SELATAN,SMAN 4 KOTA TANGERANG SELATAN,-6.29373,106.71244
SMAN 9 BEKASI,SMAN 9 BEKASI,-6.2948468,107.0305638
SMA CHARITAS,SMA CHARITAS,-6.2971148,106.7712806
SMAN 1 KARAWANG,SMAN 1 KARAWANG,-6.3003313,107.3019493
SMAN 104 JAKARTA,SMAN 104 JAKARTA,-6.3024886,106.8592896
MAN 11 JAKARTA,MAN 11 JAKARTA,-6.3056759,106.7864543
SMAN 56 JAKARTA,SMAN 56 JAKARTA,-6.3061977,106.8037544
SMA INSAN RABBANY,SMA INSAN RABBANY,-6.3088268,106.6850952
SMAN 16 BEKASI,SMAN 16 BEKASI,-6.3107318,106.9317009
SMK NEGERI 41 JAKARTA,SMK NEGERI 41 JAKARTA,-6.3144493,106.8021244
SMAN 11 BEKASI,SMAN 11 BEKASI,-6.3158162,107.1653445
SMAN 1 CIKARANG PUSAT,SMAN 1 CIKARANG PUSAT,-6.3158162,107.1653445
SMAN 1 BEKASI,SMAN 1 BEKASI,-6.3158162,107.1653445
SMAN 7 BEKASI,SMAN 7 BEKASI,-6.3158162,107.1653445
SMAN 5 BEKASI,SMAN 5 BEKASI,-6.3158162,107.1653445
SMAN UNGGULAN M.H. THAMRIN,SMAN UNGGULAN M.H. THAMRIN,-6.315977382935702,106.9012753188935
SMA Islam Al Azhar 19,SMA Islam Al Azhar 19,-6.3198366,106.8772608
SMAN 49 JAKARTA,SMAN 49 JAKARTA,-6.3247614,106.8198821
MAN INSAN CENDEKIA SERPONG,MAN INSAN CENDEKIA SERPONG,-6.3258189,106.6810286
SMAN 2 TANGERANG,SMAN 2 TANGERANG,-6.3274875,106.7108122
SMAN 3 KOTA TANGERANG SELATAN,SMAN 3 KOTA TANGERANG SELATAN,-6.3274875,106.7108122
SMAN 2 KOTA TANGERANG SELATAN,SMAN 2 KOTA TANGERANG SELATAN,-6.3274875,106.7108122
SMAN 93 JAKARTA,SMAN 93 JAKARTA,-6.32813,106.8774651
SMAN 103 JAKARTA,SMAN 103 JAKARTA,-6.32813,106.8774651
SMAN 39 JAKARTA,SMAN 39 JAKARTA,-6.32813,106.8774651
SMAN 14 JAKARTA,SMAN 14 JAKARTA,-6.32813,106.8774651
SMAN 34 JAKARTA,SMAN 34 JAKARTA,-6.32813,106.8774651
SMAN 23 JAKARTA,SMAN 23 JAKARTA,-6.32813,106.8774651
SMAN 86 JAKARTA,SMAN 86 JAKARTA,-6.32813,106.8774651
SMAN 88 JAKARTA,SMAN 88 JAKARTA,-6.32813,106.8774651
SMAN 3 JAKARTA,SMAN 3 JAKARTA,-6.32813,106.8774651
SMAN 30 JAKARTA,SMAN 30 JAKARTA,-6.32813,106.8774651
SMAN 13 JAKARTA,SMAN 13 JAKARTA,-6.32813,106.8774651
SMAN 63 JAKARTA,SMAN 63 JAKARTA,-6.32813,106.8774651
SMAN 98 JAKARTA,SMAN 98 JAKARTA,-6.32813,106.8774651
SMAN 80 JAKARTA,SMAN 80 JAKARTA,-6.32813,106.8774651
SMAN 81 JAKARTA,SMAN 81 JAKARTA,-6.32813,106.8774651
SMAN 31 JAKARTA,SMAN 31 JAKARTA,-6.32813,106.8774651
SMAN 48 JAKARTA,SMAN 48 JAKARTA,-6.32813,106.8774651
SMAN 89 JAKARTA,SMAN 89 JAKARTA,-6.32813,106.8774651
SMAN 58 JAKARTA,SMAN 58 JAKARTA,-6.32813,106.8774651
SMAN 43 JAKARTA,SMAN 43 JAKARTA,-6.32813,106.8774651
SMAN 8 JAKARTA,SMAN 8 JAKARTA,-6.32813,106.8774651
SMAN 68 JAKARTA,SMAN 68 JAKARTA,-6.32813,106.8774651
SMAN 36 JAKARTA,SMAN 36 JAKARTA,-6.32813,106.8774651
SMAN 82 JAKARTA,SMAN 82 JAKARTA,-6.32813,106.8774651
SMAN 32 JAKARTA,SMAN 32 JAKARTA,-6.32813,106.8774651
SMAS AVICENA CINERE,SMAS AVICENA CINERE,-6.3314,106.7837
SMAN 1 CIKARANG SELATAN,SMAN 1 CIKARANG SELATAN,-6.334118,107.1191429
SMAN 38 JAKARTA,SMAN 38 JAKARTA,-6.3361189,106.8358042
SMAN 28 KABUPATEN TANGERANG,SMAN 28 KABUPATEN TANGERANG,-6.3365402,106.6365119
SMAN 6 KOTA TANGERANG SELATAN,SMAN 6 KOTA TANGERANG SELATAN,-6.3371507,106.7338834
SMAN 109 JAKARTA,SMAN 109 JAKARTA,-6.3447979,106.8335245
SMA NEGERI 10 DEPOK,SMA NEGERI 10 DEPOK,-6.3458023,106.8354825
MAN 7 JAKARTA,MAN 7 JAKARTA,-6.3543679,106.8192015
SMAN 1 RANGKASBITUNG,SMAN 1 RANGKASBITUNG,-6.3576549,106.249049
SMAN 5,SMAN 5,-6.3578844,106.2477649
SMAN 2 GUNUNG PUTRI,SMAN 2 GUNUNG PUTRI,-6.3642001,106.9572411
SMAN 6 KOTA DEPOK,SMAN 6 KOTA DEPOK,-6.370144,106.7731462
SMAS PRIBADI BEJI,SMAS PRIBADI BEJI,-6.38417,106.81139
SMAN 2 KOTA DEPOK,SMAN 2 KOTA DEPOK,-6.3942096,106.8494215
SMAN 1 CILEUNGSI,SMAN 1 CILEUNGSI,-6.394386,106.9561616
SMAN 1 KOTA DEPOK,SMAN 1 KOTA DEPOK,-6.3944214,106.8824291
SMAN 4 KOTA DEPOK,SMAN 4 KOTA DEPOK,-6.3944214,106.8824291
SMAN 7 KOTA DEPOK,SMAN 7 KOTA DEPOK,-6.3970838,106.9102964
SMAS SEJAHTERA 1 DEPOK,SMAS SEJAHTERA 1 DEPOK,-6.4,106.81861
SMAN 8 DEPOK,SMAN 8 DEPOK,-6.4,106.81861
SMAN 12 KOTA DEPOK,SMAN 12 KOTA DEPOK,-6.4,106.81861
SMAS BINTARA DEPOK,SMAS BINTARA DEPOK,-6.4,106.81861
SMAN 9 DEPOK,SMAN 9 DEPOK,-6.4,106.81861
SMA MUHAMMADIYAH 04 DEPOK,SMA MUHAMMADIYAH 04 DEPOK,-6.4,106.81861
SMAN 5 KOTA DEPOK,SMAN 5 KOTA DEPOK,-6.4,106.81861
SMAN 3 KOTA DEPOK,SMAN 3 KOTA DEPOK,-6.4078502,106.8411845
SMAN 1 PARUNG,SMAN 1 PARUNG,-6.42139,106.73306
SMAN 11 Kota Depok,SMAN 11 Kota Depok,-6.4220276,106.8367057
SMAN 1 BOGOR,SMAN 1 BOGOR,-6.4771981,106.7572133
SMAN 5 BOGOR,SMAN 5 BOGOR,-6.4771981,106.7572133
SMAN 8 BOGOR,SMAN 8 BOGOR,-6.4771981,106.7572133
SMAN 4 BOGOR,SMAN 4 BOGOR,-6.4771981,106.7572133
SMAN 10 BOGOR,SMAN 10 BOGOR,-6.4771981,106.7572133
SMAN 1 TAJURHALANG,SMAN 1 TAJURHALANG,-6.4771981,106.7572133
SMAN 6 BOGOR,SMAN 6 BOGOR,-6.4771981,106.7572133
SMAN 3 BOGOR,SMAN 3 BOGOR,-6.4771981,106.7572133
SMAN 1 CIBINONG,SMAN 1 CIBINONG,-6.48167,106.85417
SMAN 4 CIBINONG,SMAN 4 CIBINONG,-6.48167,106.85417
SMAN 3 CIBINONG,SMAN 3 CIBINONG,-6.48167,106.85417
SMAS PGRI CIBINONG,SMAS PGRI CIBINONG,-6.48167,106.85417
SMAS KETAPANG 3,SMAS KETAPANG 3,-6.4833300000000005,108.5
SMA NEGERI 1 BATANG,SMA NEGERI 1 BATANG,-6.4846,110.7083
SMAS TARAKANITA GADING SERPONG,SMAS TARAKANITA GADING SERPONG,-6.5,106.25
SMA AL ADZKAR,SMA AL ADZKAR,-6.5,106.25
SMAS PAHOA,SMAS PAHOA,-6.5,106.25
SMAS ATHALIA,SMAS ATHALIA,-6.5,106.25
SMAS BUDI LUHUR,SMAS BUDI LUHUR,-6.5,106.25
SMAS SANTA URSULA BSD,SMAS SANTA URSULA BSD,-6.5,106.25
SMAS YUPPENTEK 1,SMAS YUPPENTEK 1,-6.5,106.25
SMAS ASY SYUKRIYAH,SMAS ASY SYUKRIYAH,-6.5,106.25
SMAS STELLA MARIS BSD,SMAS STELLA MARIS BSD,-6.5,106.25
SMAS KHARISMA BANGSA,SMAS KHARISMA BANGSA,-6.5,106.25
SMA BINA NUSANTARA SERPONG,SMA BINA NUSANTARA SERPONG,-6.5,106.25
SMAS ISLAM AL-AZHAR BSD,SMAS ISLAM AL-AZHAR BSD,-6.5,106.25
SMAS KRISTEN BPK PENABUR GADING SERPONG,SMAS KRISTEN BPK PENABUR GADING SERPONG,-6.5,106.25
SMAS MENTARI INTERCULTURAL SCHOOL BINTARO,SMAS MENTARI INTERCULTURAL SCHOOL BINTARO,-6.5,106.25
SMAS PLUS PEMBANGUNAN JAYA,SMAS PLUS PEMBANGUNAN JAYA,-6.5,106.25
SMAS UPH COLEGE,SMAS UPH COLEGE,-6.5,106.25
SMAS TARAKANITA CITRA RAYA,SMAS TARAKANITA CITRA RAYA,-6.5,106.25
SMA ISLAM SINAR CENDEKIA,SMA ISLAM SINAR CENDEKIA,-6.5,106.25
SMA IT PUTRI AL HANIF,SMA IT PUTRI AL HANIF,-6.5,106.25
SMA GLOBAL ISLAMIC SCHOOL 2,SMA GLOBAL ISLAMIC SCHOOL 2,-6.5,106.25
SMAS STRADA ST AQUINO,SMAS STRADA ST AQUINO,-6.5,106.25
SMAS SANTA LAURENSIA,SMAS SANTA LAURENSIA,-6.5,106.25
SMAS DAAR EL QOLAM,SMAS DAAR EL QOLAM,-6.5,106.25
PKBM KAK SETO,PKBM KAK SETO,-6.5,106.25
SMAS KATOLIK RICCI II,SMAS KATOLIK RICCI II,-6.5,106.25
SMAS KATOLIK MATER DEI,SMAS KATOLIK MATER DEI,-6.5,106.25
SMA ISLAM NURUL FIKRI,SMA ISLAM NURUL FIKRI,-6.5,106.25
SMAS IT RAUDHATUL JANNAH ,SMAS IT RAUDHATUL JANNAH ,-6.5,106.25
SMAS K ORA ET LABORA BSD,SMAS K ORA ET LABORA BSD,-6.5,106.25
SMAS PENABUR BINTARO,SMAS PENABUR BINTARO,-6.5,106.25
SMA AL WILDAN ISLAMIC SCHOOL,SMA AL WILDAN ISLAMIC SCHOOL,-6.5,106.25
SMAS UPH COLLEGE,SMAS UPH COLLEGE,-6.5,106.25
SMAS MUTIARA BANGSA,SMAS MUTIARA BANGSA,-6.5,106.25
SMAN CMBBS,SMAN CMBBS,-6.5,106.25
SMAS ISLAMIC VILLAGE,SMAS ISLAMIC VILLAGE,-6.5,106.25
SMAS INSAN CENDEKIA MADANI,SMAS INSAN CENDEKIA MADANI,-6.5,106.25
SMAN 2 BOGOR,SMAN 2 BOGOR,-6.5229981,106.8075912
SMAN 2 CIBINONG,SMAN 2 CIBINONG,-6.5229981,106.8075912
SMA NEGERI 1 TAYU,SMA NEGERI 1 TAYU,-6.5397,111.0518
SMAN 1 SUBANG,SMAN 1 SUBANG,-6.555362976073423,107.75167932209054
SMAN 1 PURWAKARTA,SMAN 1 PURWAKARTA,-6.55694,107.44333
SMAN 1 LEUWILIANG,SMAN 1 LEUWILIANG,-6.57583,106.63694
SMA PUTRA BANGSA,SMA PUTRA BANGSA,-6.58944,108.29778
SMAS PELITA BANGSA,SMAS PELITA BANGSA,-6.58944,108.29778
SMKN 1 BOGOR,SMKN 1 BOGOR,-6.5905153,106.6280676
SMA NEGERI 1 JEPARA,SMA NEGERI 1 JEPARA,-6.5924,110.671
MAN 1 JEPARA,MAN 1 JEPARA,-6.5924,110.671
SMK NEGERI 3 JEPARA,SMK NEGERI 3 JEPARA,-6.5924,110.671
SMAN 9 BOGOR,SMAN 9 BOGOR,-6.592709,106.7884377
SMAN 1 CIAWI BOGOR,SMAN 1 CIAWI BOGOR,-6.5944400000000005,106.78917
SMK-SMAK BOGOR,SMK-SMAK BOGOR,-6.5944400000000005,106.78917
MAN 2 KOTA BOGOR,MAN 2 KOTA BOGOR,-6.5944400000000005,106.78917
SMAS IT AS-SYIFA BOARDING SCHOOL,SMAS IT AS-SYIFA BOARDING SCHOOL,-6.6566832035455965,107.72046862710368
SMAN 1 CISARUA,SMAN 1 CISARUA,-6.66432,106.93671
SMA NEGERI 1 LASEM,SMA NEGERI 1 LASEM,-6.6922,111.4527
SMA NEGERI 1 PECANGAAN,SMA NEGERI 1 PECANGAAN,-6.6978,110.7107
SMA ISLAM AL AZHAR 22,SMA ISLAM AL AZHAR 22,-6.6988381,108.543545
SMA ISLAM AL-AZHAR 8,SMA ISLAM AL-AZHAR 8,-6.6988381,108.543545
SMAN 1 CIBADAK,SMAN 1 CIBADAK,-6.7012267,107.0528886
SMK NEGERI 1 REMBANG,SMK NEGERI 1 REMBANG,-6.7036,111.3416
SMAN 1 REMBANG,SMAN 1 REMBANG,-6.7036,111.3416
SMA NEGERI 1 REMBANG,SMA NEGERI 1 REMBANG,-6.7036,111.3416
SMAN 1 CIKARANG UTARA,SMAN 1 CIKARANG UTARA,-6.7044,108.5222
SMA KRISTEN PENABUR CIREBON,SMA KRISTEN PENABUR CIREBON,-6.7063,108.557
SMAN 6 CIREBON,SMAN 6 CIREBON,-6.7103526,108.5516523
SMAN 1 CIREBON,SMAN 1 CIREBON,-6.7110453,108.5512671
SMAN 2 CIREBON,SMAN 2 CIREBON,-6.7147456,108.5500779
SMA NEGERI 1 JUWANA,SMA NEGERI 1 JUWANA,-6.715,111.1514
SMAN 1 GEBOG,SMAN 1 GEBOG,-6.735,110.8444
SMAS PLUS MUTHAHHARI,SMAS PLUS MUTHAHHARI,-6.75,107.5
SMA AL MINHAJ,SMA AL MINHAJ,-6.75,107.5
SMAS DARUL HIKAM INTERNASIONAL,SMAS DARUL HIKAM INTERNASIONAL,-6.75,107.5
SMA IT ADZKIA,SMA IT ADZKIA,-6.75,107.5
SMAS MUTIARA BUNDA,SMAS MUTIARA BUNDA,-6.75,107.5
SMAS PESAT,SMAS PESAT,-6.75,107.5
SMAS IT AL FIDAA,SMAS IT AL FIDAA,-6.75,107.5
SMAS NASIONAL 1,SMAS NASIONAL 1,-6.75,107.5
SMAS ADVENT,SMAS ADVENT,-6.75,107.5
SMAS MARDI YUANA,SMAS MARDI YUANA,-6.75,107.5
SMAS BINA INSANI,SMAS BINA INSANI,-6.75,107.5
SMAS YPHB,SMAS YPHB,-6.75,107.5
SMA IIBS,SMA IIBS,-6.75,107.5
SMAS YAHYA,SMAS YAHYA,-6.75,107.5
SMAS ANANDA,SMAS ANANDA,-6.75,107.5
SMAS SMART EKSELENSIA INDONESIA,SMAS SMART EKSELENSIA INDONESIA,-6.75,107.5
MAS HUSNUL KHOTIMAH,MAS HUSNUL KHOTIMAH,-6.75,107.5
SMAS ISLAM PANGLIMA BESAR SOEDIRMAN,SMAS ISLAM PANGLIMA BESAR SOEDIRMAN,-6.75,107.5
SMAS ALLOYSIUS 2,SMAS ALLOYSIUS 2,-6.75,107.5
SMAS MARSUDIRINI,SMAS MARSUDIRINI,-6.75,107.5
SMAS DON BOSCO III,SMAS DON BOSCO III,-6.75,107.5
SMAS ISLAM DIAN DIDAKTIKA,SMAS ISLAM DIAN DIDAKTIKA,-6.75,107.5
SMAS GLOBAL PRESTASI,SMAS GLOBAL PRESTASI,-6.75,107.5
SMAS ISLAM AL-AZHAR 4,SMAS ISLAM AL-AZHAR 4,-6.75,107.5
SMAS IT THORIQ BIN ZIYAD,SMAS IT THORIQ BIN ZIYAD,-6.75,107.5
SMA SULTHON AULIA BOARDING SCHOOL,SMA SULTHON AULIA BOARDING SCHOOL,-6.75,107.5
SMA AL MUTTAQIN,SMA AL MUTTAQIN,-6.75,107.5
SMA IT AT TAUFIQ,SMA IT AT TAUFIQ,-6.75,107.5
SMAS BUNDA HATI KUDUS,SMAS BUNDA HATI KUDUS,-6.75,107.5
SMAS DWI WARNA,SMAS DWI WARNA,-6.75,107.5
SMAS REGINA PACIS,SMAS REGINA PACIS,-6.75,107.5
SMAS INSAN CENDEKIA  AL KAUSAR,SMAS INSAN CENDEKIA  AL KAUSAR,-6.75,107.5
SMAS IT NURURRAHMAN,SMAS IT NURURRAHMAN,-6.75,107.5
SMAS PESANTREN TERPADU HAYATAN THAYYIBAH,SMAS PESANTREN TERPADU HAYATAN THAYYIBAH,-6.75,107.5
SMAS PANGUDI LUHUR II,SMAS PANGUDI LUHUR II,-6.75,107.5
SMA DAARUT TAUHIID BOARDING SCHOOL,SMA DAARUT TAUHIID BOARDING SCHOOL,-6.75,107.5
SMAS MADANIA,SMAS MADANIA,-6.75,107.5
SMAS INSAN KAMIL,SMAS INSAN KAMIL,-6.75,107.5
SMAS PRIBADI,SMAS PRIBADI,-6.75,107.5
SMAS KESATUAN,SMAS KESATUAN,-6.75,107.5
SMAS ST ANGELA,SMAS ST ANGELA,-6.75,107.5
SMAS FUTURE GATE,SMAS FUTURE GATE,-6.75,107.5
SMAS BUDI MULIA,SMAS BUDI MULIA,-6.75,107.5
SMAS ISLAM TERPADU NURUL FIKRI,SMAS ISLAM TERPADU NURUL FIKRI,-6.75,107.5
SMA KRISTEN PENABUR KOTA JABABEKA,SMA KRISTEN PENABUR KOTA JABABEKA,-6.75,107.5
SMAS MARDI YUANA PANCORAN MAS,SMAS MARDI YUANA PANCORAN MAS,-6.75,107.5
SMAS BPK 2 PENABUR,SMAS BPK 2 PENABUR,-6.75,107.5
SMA REGINA CAELI,SMA REGINA CAELI,-6.75,107.5
MAS NUURUL QUR AN,MAS NUURUL QUR AN,-6.75,107.5
SMAS PRESIDEN (BOARDING SCHOOL),SMAS PRESIDEN (BOARDING SCHOOL),-6.75,107.5
SMAS BPK PENABUR,SMAS BPK PENABUR,-6.75,107.5
SMAS BINA BHAKTI 1,SMAS BINA BHAKTI 1,-6.75,107.5
SMA TALENTA,SMA TALENTA,-6.75,107.5
SMAS ISLAM HASMI,SMAS ISLAM HASMI,-6.75,107.5
SMAS TARUNA BAKTI,SMAS TARUNA BAKTI,-6.75,107.5
SMAS ALFA CENTAURI,SMAS ALFA CENTAURI,-6.75,107.5
SMA IT FITHRAH INSANI,SMA IT FITHRAH INSANI,-6.75,107.5
SMA ISLAM AL-FAJAR,SMA ISLAM AL-FAJAR,-6.75,107.5
MAS ZAKARIA,MAS ZAKARIA,-6.75,107.5
SMA BUDI CENDEKIA ISLAMIC SCHOOL ,SMA BUDI CENDEKIA ISLAMIC SCHOOL ,-6.75,107.5
SMA KRISTEN PENABUR KOTA WISATA,SMA KRISTEN PENABUR KOTA WISATA,-6.75,107.5
SMAS AL-IRSYAD SATYA ,SMAS AL-IRSYAD SATYA ,-6.75,107.5
SMAS GLOBAL MANDIRI,SMAS GLOBAL MANDIRI,-6.75,107.5
SMAS YASPEN TUGU IBU,SMAS YASPEN TUGU IBU,-6.75,107.5
SMAS YOS SUDARSO,SMAS YOS SUDARSO,-6.75,107.5
SMAS IT UMMUL QURO,SMAS IT UMMUL QURO,-6.75,107.5
MAS DARUL MARHAMAH,MAS DARUL MARHAMAH,-6.75,107.5
SMAS ALLOYSIUS 1,SMAS ALLOYSIUS 1,-6.75,107.5
SMAS AL - MUSLIM,SMAS AL - MUSLIM,-6.75,107.5
SMAS PESANTREN UNGGUL AL BAYAN,SMAS PESANTREN UNGGUL AL BAYAN,-6.75,107.5
SMAS LABORATORIUM - PERCONTOHAN UPI,SMAS LABORATORIUM - PERCONTOHAN UPI,-6.75,107.5
SMAS LABSCHOOL CIBUBUR,SMAS LABSCHOOL CIBUBUR,-6.75,107.5
SMAS KOSGORO,SMAS KOSGORO,-6.75,107.5
SMA AL WAFI IBS,SMA AL WAFI IBS,-6.75,107.5
SMA IBNU HAJAR BOARDING SCHOOL,SMA IBNU HAJAR BOARDING SCHOOL,-6.75,107.5
SMAS ISTIQAMAH,SMAS ISTIQAMAH,-6.75,107.5
SMAS KORNITA,SMAS KORNITA,-6.75,107.5
SMAIT INSANTAMA PLUS,SMAIT INSANTAMA PLUS,-6.75,107.5
SMAS IT AL BINA,SMAS IT AL BINA,-6.75,107.5
SMA IT DARUL QUR AN,SMA IT DARUL QUR AN,-6.75,107.5
SMA TERPADU BAITURRAHMAN,SMA TERPADU BAITURRAHMAN,-6.75,107.5
SMA STRADA BHAKTI WIYATA,SMA STRADA BHAKTI WIYATA,-6.75,107.5
SMAS KALAM KUDUS,SMAS KALAM KUDUS,-6.75,107.5
SMAS NURUL HIKMAH,SMAS NURUL HIKMAH,-6.75,107.5
SMAS PENABUR,SMAS PENABUR,-6.75,107.5
SMAS LAZUARDI GIS,SMAS LAZUARDI GIS,-6.75,107.5
SMAS AL KAHFI,SMAS AL KAHFI,-6.75,107.5
SMA NEGERI 1 PATI,SMA NEGERI 1 PATI,-6.7559000000000005,111.038
SMA NEGERI 3 PATI,SMA NEGERI 3 PATI,-6.7559000000000005,111.038
SMA NEGERI 2 PATI,SMA NEGERI 2 PATI,-6.7559000000000005,111.038
SMAN 1 SUMBER,SMAN 1 SUMBER,-6.76028,108.48306
SMKN KEHUTANAN KADIPATEN,SMKN KEHUTANAN KADIPATEN,-6.76083,108.16611
SMAS KRIDA NUSANTARA,SMAS KRIDA NUSANTARA,-6.7619,108.5432
SMA NEGERI 1 JAKENAN,SMA NEGERI 1 JAKENAN,-6.7620000000000005,111.1643
SMA NEGERI 1 WELAHAN,SMA NEGERI 1 WELAHAN,-6.8,110.71667
MAS NU BANAT KUDUS,MAS NU BANAT KUDUS,-6.8048,110.8405
SMAN 1 KUDUS,SMAN 1 KUDUS,-6.8048,110.8405
SMAN 1 JEKULO KUDUS,SMAN 1 JEKULO KUDUS,-6.8048,110.8405
SMAN 1 BAE KUDUS,SMAN 1 BAE KUDUS,-6.8048,110.8405
MAN 2 KUDUS,MAN 2 KUDUS,-6.8048,110.8405
SMKN 1 KUDUS,SMKN 1 KUDUS,-6.8048,110.8405
SMKS RADEN UMAR SAID KUDUS,SMKS RADEN UMAR SAID KUDUS,-6.8048,110.8405
SMAN 2 KUDUS,SMAN 2 KUDUS,-6.8048,110.8405
SMAN 14 BANDUNG,SMAN 14 BANDUNG,-6.8099684,107.5761271
SMA NURUL FIKRI BOARDING SCHOOL LEMBANG,SMA NURUL FIKRI BOARDING SCHOOL LEMBANG,-6.824140085023903,107.67451958650732
SMA ISLAM TERPADU NURUL FIKRI BOARDING SCHOOL,SMA ISLAM TERPADU NURUL FIKRI BOARDING SCHOOL,-6.824140085023903,107.67451958650732
SMAN 1 CIANJUR,SMAN 1 CIANJUR,-6.8247253,107.1316428
SMAN 23 BANDUNG,SMAN 23 BANDUNG,-6.8433593,107.4757658
SMAN 1 PADALARANG,SMAN 1 PADALARANG,-6.8433593,107.4757658
SMAN 1 SUMEDANG,SMAN 1 SUMEDANG,-6.8585287,107.9207529
SMA ISLAM AL - AZHAR 18 GRAND WISATA,SMA ISLAM AL - AZHAR 18 GRAND WISATA,-6.859650908567627,107.50026553876552
SMA AL AZHAR SYIFA BUDI PARAHYANGAN,SMA AL AZHAR SYIFA BUDI PARAHYANGAN,-6.859650908567627,107.50026553876552
SMA NEGERI JATIROGO,SMA NEGERI JATIROGO,-6.8689766,111.6549472
SMAN 3 TEGAL,SMAN 3 TEGAL,-6.8694,109.1402
SMAN 1 TEGAL,SMAN 1 TEGAL,-6.8694,109.1402
SMAN 4 TEGAL,SMAN 4 TEGAL,-6.8694,109.1402
SMA NEGERI 1 CIMAHI,SMA NEGERI 1 CIMAHI,-6.87222,107.5425
SMA NEGERI 5 CIMAHI,SMA NEGERI 5 CIMAHI,-6.87222,107.5425
SMA NEGERI 4 CIMAHI,SMA NEGERI 4 CIMAHI,-6.87222,107.5425
SMA NEGERI 3 CIMAHI,SMA NEGERI 3 CIMAHI,-6.87222,107.5425
SMAN 19 BANDUNG,SMAN 19 BANDUNG,-6.8739741,107.6160138
SMAN 1 BREBES,SMAN 1 BREBES,-6.8744,109.0455
SMAN 2 BREBES,SMAN 2 BREBES,-6.8744,109.0455
SMAN 15 BANDUNG,SMAN 15 BANDUNG,-6.8780569,107.5739639
SMA NEGERI 2 CIMAHI,SMA NEGERI 2 CIMAHI,-6.8823392,107.5341371
SMA Negeri 1 Pekalongan,SMA Negeri 1 Pekalongan,-6.8886,109.6753
SMA Negeri 4 Pekalongan,SMA Negeri 4 Pekalongan,-6.8886,109.6753
MAN INSAN CENDEKIA PEKALONGAN,MAN INSAN CENDEKIA PEKALONGAN,-6.8886,109.6753
MAN 1 KOTA PEKALONGAN,MAN 1 KOTA PEKALONGAN,-6.8886,109.6753
SMK Negeri 2 Pekalongan,SMK Negeri 2 Pekalongan,-6.8886,109.6753
SMA Negeri 3 Pekalongan,SMA Negeri 3 Pekalongan,-6.8886,109.6753
SMAN 2 BANDUNG,SMAN 2 BANDUNG,-6.8894284,107.6034547
SMAN 1 DEMAK,SMAN 1 DEMAK,-6.8909,110.6396
SMA NEGERI 1 WIRADESA,SMA NEGERI 1 WIRADESA,-6.8922,109.619
SMAN 1 BANDUNG,SMAN 1 BANDUNG,-6.8953494,107.6122284
SMA EDU GLOBAL,SMA EDU GLOBAL,-6.8968235,107.6132298
SMA PGII 1,SMA PGII 1,-6.8978456,107.6165745
SMAN 1 PEMALANG,SMAN 1 PEMALANG,-6.9,109.36667
SMAN 2 PEMALANG,SMAN 2 PEMALANG,-6.9,109.36667
SMAN 9 BANDUNG,SMAN 9 BANDUNG,-6.9012922,107.5860113
SMK NEGERI 1 CIMAHI,SMK NEGERI 1 CIMAHI,-6.9018847,107.5386743
SMAN 10 BANDUNG,SMAN 10 BANDUNG,-6.9023631,107.6427243
SMAN 13 BANDUNG,SMAN 13 BANDUNG,-6.9032981,107.5650203
SMAN 11 BANDUNG,SMAN 11 BANDUNG,-6.9032981,107.5650203
SMAN 7 BANDUNG,SMAN 7 BANDUNG,-6.9038900000000005,107.61861
SMAS BPI 1 BANDUNG,SMAS BPI 1 BANDUNG,-6.9038900000000005,107.61861
SMAN 18 BANDUNG,SMAN 18 BANDUNG,-6.9038900000000005,107.61861
SMAS TRINITAS BANDUNG,SMAS TRINITAS BANDUNG,-6.9038900000000005,107.61861
SMAS PLUS AL GHIFARI BANDUNG,SMAS PLUS AL GHIFARI BANDUNG,-6.9038900000000005,107.61861
SMAN 4 BANDUNG,SMAN 4 BANDUNG,-6.9038900000000005,107.61861
SMAS DARUL HIKAM BANDUNG,SMAS DARUL HIKAM BANDUNG,-6.9038900000000005,107.61861
SMAN 24 BANDUNG,SMAN 24 BANDUNG,-6.9038900000000005,107.61861
SMAN 17 BANDUNG,SMAN 17 BANDUNG,-6.9038900000000005,107.61861
SMAS BPK 1 PENABUR BANDUNG,SMAS BPK 1 PENABUR BANDUNG,-6.9038900000000005,107.61861
SMKN 3 BANDUNG,SMKN 3 BANDUNG,-6.9038900000000005,107.61861
SMKN 4 BANDUNG,SMKN 4 BANDUNG,-6.9038900000000005,107.61861
SMAS YAS BANDUNG,SMAS YAS BANDUNG,-6.9038900000000005,107.61861
SMAN 26 BANDUNG,SMAN 26 BANDUNG,-6.9038900000000005,107.61861
SMAN 25 BANDUNG,SMAN 25 BANDUNG,-6.9038900000000005,107.61861
SMAN 16 BANDUNG,SMAN 16 BANDUNG,-6.9038900000000005,107.61861
SMAS ST MARIA 1 BANDUNG,SMAS ST MARIA 1 BANDUNG,-6.9038900000000005,107.61861
SMAN 20 BANDUNG,SMAN 20 BANDUNG,-6.904465,107.6221266
SMAN 1 COMAL,SMAN 1 COMAL,-6.9053,109.5347
SMKN 2 BANDUNG,SMKN 2 BANDUNG,-6.9058933,107.6232502
SMA SANTA MARIA 3,SMA SANTA MARIA 3,-6.9079478,107.6513788
SMA SANTA MARIA 2,SMA SANTA MARIA 2,-6.9079478,107.6513788
SMAN 6 BANDUNG,SMAN 6 BANDUNG,-6.9114176,107.5978589
SMAN 5 BANDUNG,SMAN 5 BANDUNG,-6.9123835,107.6155418
SMAN 8 BANDUNG,SMAN 8 BANDUNG,-6.9126052,107.6150686
SMAN 3 BANDUNG,SMAN 3 BANDUNG,-6.9126052,107.6150686
SMA BPK PENABUR HOLIS,SMA BPK PENABUR HOLIS,-6.92389,107.57333
SMK NEGERI 1 SRAGI,SMK NEGERI 1 SRAGI,-6.926,109.5644
MAN 2 Kota Bandung,MAN 2 Kota Bandung,-6.9274262,107.7167262
SMKN 13 BANDUNG,SMKN 13 BANDUNG,-6.9382594,107.6567311
SMKN 7 BANDUNG,SMKN 7 BANDUNG,-6.9399242,107.6599514
SMAN 12 BANDUNG,SMAN 12 BANDUNG,-6.9414986,107.646285
SMAN 22 BANDUNG,SMAN 22 BANDUNG,-6.9418438,107.6306743
SMAN 1 CILEUNYI,SMAN 1 CILEUNYI,-6.9600129,107.765486
SMAS CAKRA BUANA,SMAS CAKRA BUANA,-6.9694400000000005,108.49194
SMKN 2 BLORA,SMKN 2 BLORA,-6.9698,111.4186
SMAN 1 BLORA,SMAN 1 BLORA,-6.9698,111.4186
SMA NEGERI 1 KEDUNGWUNI,SMA NEGERI 1 KEDUNGWUNI,-6.9703800000000005,109.64794
SMAN 1 MARGAHAYU,SMAN 1 MARGAHAYU,-6.97083,107.5675
SMA NEGERI 1 SUBAH,SMA NEGERI 1 SUBAH,-6.9711,109.8768
SMA NEGERI 2 KUNINGAN,SMA NEGERI 2 KUNINGAN,-6.9794466,108.4856878
SMAN 3 SLAWI,SMAN 3 SLAWI,-6.9816,109.1407
SMAN 1 SLAWI,SMAN 1 SLAWI,-6.9816,109.1407
SMKN 1 SLAWI,SMKN 1 SLAWI,-6.9816,109.1407
MAS PUTRI PUI TALAGA,MAS PUTRI PUI TALAGA,-6.9825,108.31083
SMAN 1 SINDANG,SMAN 1 SINDANG,-6.9848656,108.3188105
SMAN 1 MAJALENGKA,SMAN 1 MAJALENGKA,-6.9848656,108.3188105
SMA Islam Al Azhar 15,SMA Islam Al Azhar 15,-6.9867472,110.3818113
SMA ISLAM AL AZHAR 14,SMA ISLAM AL AZHAR 14,-6.9867472,110.3818113
SMAN 1 TUBAN,SMAN 1 TUBAN,-6.991445,112.1132279
SMAN 2 TUBAN,SMAN 2 TUBAN,-6.991445,112.1132279
SMKN JATENG DI SEMARANG,SMKN JATENG DI SEMARANG,-6.9932,110.4203
SMK NEGERI 7 SEMARANG,SMK NEGERI 7 SEMARANG,-6.9932,110.4203
SMAN 1 SIDAYU,SMAN 1 SIDAYU,-6.9993,112.5636
SMAN 1 BALEENDAH,SMAN 1 BALEENDAH,-7.0011478,107.62238
SMAN 1 NGAWEN,SMAN 1 NGAWEN,-7.0032,111.3129
SMKN 1 KATAPANG,SMKN 1 KATAPANG,-7.0089942,107.547562
SMAN 1 KENDAL,SMAN 1 KENDAL,-7.0256,110.1685
SMAN 2 MRANGGEN,SMAN 2 MRANGGEN,-7.0268,110.5158
SMAN 1 BANGKALAN,SMAN 1 BANGKALAN,-7.0301389,112.7586777
SMA NEGERI 1 KAJEN,SMA NEGERI 1 KAJEN,-7.0324,109.5773
SMAN 1 BALAPULANG,SMAN 1 BALAPULANG,-7.05,109.08333
SMAN 1 GLAGAH,SMAN 1 GLAGAH,-7.0516,112.4966
SMAN 1 GUBUG,SMAN 1 GUBUG,-7.0545,110.6661
SMKN 1 TUBAN,SMKN 1 TUBAN,-7.0546256,112.0349263
SMKN 1 BANDUNG,SMKN 1 BANDUNG,-7.0614565,107.7442657
SMAS KRISTEN PETRA 1,SMAS KRISTEN PETRA 1,-7.085,112.89583
SMAS KRISTEN PETRA 4,SMAS KRISTEN PETRA 4,-7.085,112.89583
SMAN 1 PURWODADI,SMAN 1 PURWODADI,-7.0868,110.9158
SMAN 1 RANDUDONGKAL,SMAN 1 RANDUDONGKAL,-7.0981,109.3243
SMAN 1 BAWANG,SMAN 1 BAWANG,-7.1039,109.9181
SMKN 1 BAWANG,SMKN 1 BAWANG,-7.1039,109.9181
SMAN 1 BOJA,SMAN 1 BOJA,-7.1051,110.2721
SMA NEGERI 2 LAMONGAN,SMA NEGERI 2 LAMONGAN,-7.1150134,112.4240598
SMAN 1 MANYAR,SMAN 1 MANYAR,-7.1186,112.6034
SMA NEGERI 1 UNGARAN,SMA NEGERI 1 UNGARAN,-7.13972,110.405
SMA NEGERI 2 UNGARAN,SMA NEGERI 2 UNGARAN,-7.13972,110.405
SMAN 2 CEPU,SMAN 2 CEPU,-7.1475,111.5906
SMAN 1 CEPU,SMAN 1 CEPU,-7.1475,111.5906
SMAN 1 SUMENEP,SMAN 1 SUMENEP,-7.1493,114.5632
SMAN 3 PAMEKASAN,SMAN 3 PAMEKASAN,-7.152586,113.4752023
SMAN 3,SMAN 3,-7.152586,113.4752023
SMAN 1 PADANGAN,SMAN 1 PADANGAN,-7.1536,111.6146
SMA MUHAMMADIYAH 10 GKB GRESIK,SMA MUHAMMADIYAH 10 GKB GRESIK,-7.15389,112.65611
SMAN 1 PAMEKASAN,SMAN 1 PAMEKASAN,-7.1568,113.4746
SMAN 4 BOJONEGORO,SMAN 4 BOJONEGORO,-7.1651541,111.8843809
SMAN 2 BOJONEGORO,SMAN 2 BOJONEGORO,-7.1651541,111.8843809
SMAN 1 KEBOMAS,SMAN 1 KEBOMAS,-7.16667,112.6333
SMAN 1 GRESIK,SMAN 1 GRESIK,-7.1687819,112.6534403
SMAN 1 SUMBERREJO,SMAN 1 SUMBERREJO,-7.1722291,112.0191052
SMA NEGERI 1 CANDIROTO,SMA NEGERI 1 CANDIROTO,-7.17444,110.06667
SMA NEGERI 1 BERGAS,SMA NEGERI 1 BERGAS,-7.17667,110.425
MAS PERSIS TAROGONG,MAS PERSIS TAROGONG,-7.1902,107.8874
SMAN 1 BOJONEGORO,SMAN 1 BOJONEGORO,-7.1947705,111.9442205
SMAN 1 RANDUBLATUNG,SMAN 1 RANDUBLATUNG,-7.2036,111.3864
SMAN 1 GARUT,SMAN 1 GARUT,-7.2052512,107.9026911
SMAS KRISTEN 1 SIDOMUKTI,SMAS KRISTEN 1 SIDOMUKTI,-7.20611,110.37694
SMAN 1 CERME,SMAN 1 CERME,-7.2263586,112.557112
SMAN 11 SURABAYA,SMAN 11 SURABAYA,-7.24917,112.75083
SMAN 6 SURABAYA,SMAN 6 SURABAYA,-7.24917,112.75083
SMAN 13 SURABAYA,SMAN 13 SURABAYA,-7.24917,112.75083
SMAS AL HIKMAH SURABAYA,SMAS AL HIKMAH SURABAYA,-7.24917,112.75083
SMAN 5 SURABAYA,SMAN 5 SURABAYA,-7.24917,112.75083
SMAS KRISTEN PETRA 2 SURABAYA,SMAS KRISTEN PETRA 2 SURABAYA,-7.24917,112.75083
SMAN 1 SURABAYA,SMAN 1 SURABAYA,-7.24917,112.75083
MAN KOTA SURABAYA,MAN KOTA SURABAYA,-7.24917,112.75083
SMAN 17 SURABAYA,SMAN 17 SURABAYA,-7.24917,112.75083
SMAN 8 SURABAYA,SMAN 8 SURABAYA,-7.24917,112.75083
SMAN 3 SURABAYA,SMAN 3 SURABAYA,-7.24917,112.75083
SMAS TRI MURTI SURABAYA,SMAS TRI MURTI SURABAYA,-7.24917,112.75083
SMKN 1 SURABAYA,SMKN 1 SURABAYA,-7.24917,112.75083
SMAN 14 SURABAYA,SMAN 14 SURABAYA,-7.24917,112.75083
SMAN 12 SURABAYA,SMAN 12 SURABAYA,-7.24917,112.75083
SMAN 20 SURABAYA,SMAN 20 SURABAYA,-7.24917,112.75083
SMAN 10 SURABAYA,SMAN 10 SURABAYA,-7.24917,112.75083
SMAN 21 SURABAYA,SMAN 21 SURABAYA,-7.24917,112.75083
MAS UNGGULAN AMANATUL UMMAH SURABAYA,MAS UNGGULAN AMANATUL UMMAH SURABAYA,-7.24917,112.75083
SMAN 18 SURABAYA,SMAN 18 SURABAYA,-7.24917,112.75083
SMAN 7 SURABAYA,SMAN 7 SURABAYA,-7.24917,112.75083
SMA NEGERI 1 BRINGIN,SMA NEGERI 1 BRINGIN,-7.2525,110.51917
SMAN 2 GENTENG,SMAN 2 GENTENG,-7.2568314,112.7489826
SMAN 2 SURABAYA,SMAN 2 SURABAYA,-7.2568314,112.7489826
SMAN 9 SURABAYA,SMAN 9 SURABAYA,-7.2572646,112.7501396
SMA NEGERI 1 DAYEUHLUHUR,SMA NEGERI 1 DAYEUHLUHUR,-7.2594,108.6108
SMA NEGERI 1 AMBARAWA,SMA NEGERI 1 AMBARAWA,-7.26333,110.3975
SMAN 4 SURABAYA,SMAN 4 SURABAYA,-7.2653888,112.755382
SMAN 4,SMAN 4,-7.2653888,112.755382
SMKN 5 SURABAYA,SMKN 5 SURABAYA,-7.2664518,112.7684153
SMAN 3 SUKABUMI,SMAN 3 SUKABUMI,-7.274192,106.6238348
SMAN 1 SUKABUMI,SMAN 1 SUKABUMI,-7.2744625,106.6242978
SMA SEDES SAPIENTIAE JAMBU,SMA SEDES SAPIENTIAE JAMBU,-7.27583,110.37
SMA KATOLIK ST LOUIS 2,SMA KATOLIK ST LOUIS 2,-7.2805842,112.7430997
SMA KATOLIK ST.LOUIS 1,SMA KATOLIK ST.LOUIS 1,-7.2805842,112.7430997
SMA NEGERI 1 PARAKAN,SMA NEGERI 1 PARAKAN,-7.28139,110.1
SMA NEGERI 1 MAJENANG,SMA NEGERI 1 MAJENANG,-7.2975,108.7642
SMAN 1 BOBOTSARI,SMAN 1 BOBOTSARI,-7.30417,109.36861
SMA ISLAM TERPADU AL USWAH,SMA ISLAM TERPADU AL USWAH,-7.3069092,112.7922473
SMAN 16 SURABAYA,SMAN 16 SURABAYA,-7.3092877,112.759557
SMA NEGERI 1 TEMANGGUNG,SMA NEGERI 1 TEMANGGUNG,-7.31917,110.19278
SMA NEGERI 2 TEMANGGUNG,SMA NEGERI 2 TEMANGGUNG,-7.31917,110.19278
SMK NEGERI 2 TEMANGGUNG,SMK NEGERI 2 TEMANGGUNG,-7.31917,110.19278
SMK NEGERI 1 TEMANGGUNG,SMK NEGERI 1 TEMANGGUNG,-7.31917,110.19278
SMAN 1 CIAMIS,SMAN 1 CIAMIS,-7.33053,108.3550961
MAN SALATIGA,MAN SALATIGA,-7.33194,110.49278
SMAN 3 SALATIGA,SMAN 3 SALATIGA,-7.33194,110.49278
SMAN 1 SALATIGA,SMAN 1 SALATIGA,-7.33194,110.49278
SMKN 2 SALATIGA,SMKN 2 SALATIGA,-7.33194,110.49278
SMAN 2 SALATIGA,SMAN 2 SALATIGA,-7.33194,110.49278
SMAN 22 SURABAYA,SMAN 22 SURABAYA,-7.3406546,112.7188438
SMAN 15 SURABAYA,SMAN 15 SURABAYA,-7.3406546,112.7188438
SMA KRISTEN TERANG BANGSA,SMA KRISTEN TERANG BANGSA,-7.34861,109.36889
SMAN 1 TAMAN,SMAN 1 TAMAN,-7.3522,112.699
SMAS ISLAM TERPADU SITUWANGI CIKAJANG,SMAS ISLAM TERPADU SITUWANGI CIKAJANG,-7.3578,107.8086
SMK NEGERI 1 WONOSOBO,SMK NEGERI 1 WONOSOBO,-7.36,109.9025
SMAS MUHAMMADIYAH WONOSOBO,SMAS MUHAMMADIYAH WONOSOBO,-7.36,109.9025
SMA NEGERI 2 WONOSOBO,SMA NEGERI 2 WONOSOBO,-7.36,109.9025
SMA NEGERI 1 WONOSOBO,SMA NEGERI 1 WONOSOBO,-7.36,109.9025
MAN 2 WONOSOBO,MAN 2 WONOSOBO,-7.36,109.9025
SMAN 1 WARU,SMAN 1 WARU,-7.36,112.72472
SMAS IT AL HIKMAH KARANGGEDE,SMAS IT AL HIKMAH KARANGGEDE,-7.36167,110.64083
SMAN 1 TANJUNGANOM,SMAN 1 TANJUNGANOM,-7.3648,112.6383
SMA NEGERI 1 SURUH,SMA NEGERI 1 SURUH,-7.36806,110.57056
SMAN 1 BUMIAYU,SMAN 1 BUMIAYU,-7.37278,110.4475
SMAN 2 PURBALINGGA,SMAN 2 PURBALINGGA,-7.38806,109.36389
SMAN 1 PURBALINGGA,SMAN 1 PURBALINGGA,-7.38806,109.36389
MAN PURBALINGGA,MAN PURBALINGGA,-7.38806,109.36389
SMKN 1 PURBALINGGA,SMKN 1 PURBALINGGA,-7.38806,109.36389
SMAN 1 KEJOBONG,SMAN 1 KEJOBONG,-7.39083,109.50861
SMAN 1 NGADIROJO,SMAN 1 NGADIROJO,-7.3915066,111.3583482
SMAN 1 WATES,SMAN 1 WATES,-7.3915066,111.3583482
SMA PEMBANGUNAN JAYA 2,SMA PEMBANGUNAN JAYA 2,-7.3921824,112.735061
SMAN 1 KEBUMEN,SMAN 1 KEBUMEN,-7.39333,109.52417
SMAN 2 KEBUMEN,SMAN 2 KEBUMEN,-7.39333,109.52417
SMKN 2 KEBUMEN,SMKN 2 KEBUMEN,-7.39333,109.52417
SMKN 1 KEBUMEN,SMKN 1 KEBUMEN,-7.39333,109.52417
MAN 2 KEBUMEN,MAN 2 KEBUMEN,-7.39333,109.52417
SMAN 1 BANJARNEGARA,SMAN 1 BANJARNEGARA,-7.39611,109.69611
SMAN 1 GEMOLONG,SMAN 1 GEMOLONG,-7.3975,110.83083
SMAN 1 NGANJUK,SMAN 1 NGANJUK,-7.4045615,111.8708319
SMAN 1 AJIBARANG,SMAN 1 AJIBARANG,-7.40944,109.08167
SMAN 1 KRIAN,SMAN 1 KRIAN,-7.4104,112.5792
SMA NEGERI 1 TENGARAN,SMA NEGERI 1 TENGARAN,-7.41861,110.52889
SMAN 2 PURWOKERTO,SMAN 2 PURWOKERTO,-7.42139,109.23444
SMKN 1 PURWOKERTO,SMKN 1 PURWOKERTO,-7.42139,109.23444
SMKS TELEKOMUNIKASI SANDHY PUTRA PURWOKERTO,SMKS TELEKOMUNIKASI SANDHY PUTRA PURWOKERTO,-7.42139,109.23444
SMKN 2 PURWOKERTO,SMKN 2 PURWOKERTO,-7.42139,109.23444
SMAN 1 PURWOKERTO,SMAN 1 PURWOKERTO,-7.42139,109.23444
SMAN 4 PURWOKERTO,SMAN 4 PURWOKERTO,-7.42139,109.23444
SMAN 5 PURWOKERTO,SMAN 5 PURWOKERTO,-7.42139,109.23444
SMAN 1 SRAGEN,SMAN 1 SRAGEN,-7.42639,111.02222
SMAN 2 SRAGEN,SMAN 2 SRAGEN,-7.42639,111.02222
SMA TRENSAINS MUHAMMADIYAH SRAGEN,SMA TRENSAINS MUHAMMADIYAH SRAGEN,-7.42639,111.02222
SMA NEGERI 1 DONOROJO,SMA NEGERI 1 DONOROJO,-7.43611,110.28722
SMKN 2 BUDURAN,SMKN 2 BUDURAN,-7.4368052,112.722922
MAN SIDOARJO,MAN SIDOARJO,-7.4371645,112.7235358
SMAN 1 WONOAYU,SMAN 1 WONOAYU,-7.4388,112.6274
SMAN 1 SIMO,SMAN 1 SIMO,-7.44028,110.67667
SMAN 4 SIDOARJO,SMAN 4 SIDOARJO,-7.446983,112.6852013
SMAN 1 SIDOARJO,SMAN 1 SIDOARJO,-7.446983,112.6852013
SMAN 2 SIDOARJO,SMAN 2 SIDOARJO,-7.4478,112.7183
SMAN 3 SIDOARJO,SMAN 3 SIDOARJO,-7.4478,112.7183
SMAS KATHOLIK UNTUNG SURAPATI SIDOARJO,SMAS KATHOLIK UNTUNG SURAPATI SIDOARJO,-7.4478,112.7183
SMAN 1 GEDEG,SMAN 1 GEDEG,-7.4527,112.3935
SMAN 1 SOKARAJA,SMAN 1 SOKARAJA,-7.45806,109.28806
SMKN 1 MAGELANG,SMKN 1 MAGELANG,-7.47056,110.21778
SMAN 4 MAGELANG,SMAN 4 MAGELANG,-7.47056,110.21778
SMAN 3 MAGELANG,SMAN 3 MAGELANG,-7.47056,110.21778
SMAN 1 MAGELANG,SMAN 1 MAGELANG,-7.47056,110.21778
MAN KOTA MAGELANG,MAN KOTA MAGELANG,-7.47056,110.21778
SMAN 2 MAGELANG,SMAN 2 MAGELANG,-7.47056,110.21778
SMAN 5 MAGELANG,SMAN 5 MAGELANG,-7.47056,110.21778
SMKN 2 MAGELANG,SMKN 2 MAGELANG,-7.47056,110.21778
SMAN 2 NGAWI,SMAN 2 NGAWI,-7.47444,111.33444
SMA NEGERI 1 SIDAREJA,SMA NEGERI 1 SIDAREJA,-7.4846,108.7923
SMKN 1 NGAWI,SMKN 1 NGAWI,-7.4919374,111.3114025
SMAN 1 SOOKO,SMAN 1 SOOKO,-7.4976199,112.4226012
SMA SYUBBANUL WATHON,SMA SYUBBANUL WATHON,-7.5,110.0
SMAS IT NURHIDAYAH,SMAS IT NURHIDAYAH,-7.5,110.0
SMA NEGERI 04,SMA NEGERI 04,-7.5,110.0
SMK NEGERI 02,SMK NEGERI 02,-7.5,110.0
SMA NEGERI 11,SMA NEGERI 11,-7.5,110.0
SMA AL-ABIDIN BILINGUAL BOARDING SCHOOL,SMA AL-ABIDIN BILINGUAL BOARDING SCHOOL,-7.5,110.0
SMA SCIENCE PLUS BAITUL QURAN BOARDING SCHOOL,SMA SCIENCE PLUS BAITUL QURAN BOARDING SCHOOL,-7.5,110.0
SMA NEGERI 07,SMA NEGERI 07,-7.5,110.0
SMA SEDES SAPIENTIAE,SMA SEDES SAPIENTIAE,-7.5,110.0
SMAS INSAN CENDIKIA AL-MUJTABA,SMAS INSAN CENDIKIA AL-MUJTABA,-7.5,110.0
SMA NEGERI 05,SMA NEGERI 05,-7.5,110.0
SMAS THERESIANA 1,SMAS THERESIANA 1,-7.5,110.0
MAS PPMI ASSALAAM,MAS PPMI ASSALAAM,-7.5,110.0
SMA NEGERI 15,SMA NEGERI 15,-7.5,110.0
Tahfizh Nurul Iman,Tahfizh Nurul Iman,-7.5,110.0
SMA NEGERI 08,SMA NEGERI 08,-7.5,110.0
SMAS AL IRSYAD AL ISLAMIYYAH,SMAS AL IRSYAD AL ISLAMIYYAH,-7.5,110.0
SMA ISLAM HIDAYATULLAH,SMA ISLAM HIDAYATULLAH,-7.5,110.0
SMAS TARUNA NUSANTARA,SMAS TARUNA NUSANTARA,-7.5,110.0
SMA NEGERI 10,SMA NEGERI 10,-7.5,110.0
SMA NEGERI 01,SMA NEGERI 01,-7.5,110.0
SMAS IT IBNU ABBAS,SMAS IT IBNU ABBAS,-7.5,110.0
SMA NEGERI 09,SMA NEGERI 09,-7.5,110.0
MAS AL IRSYAD,MAS AL IRSYAD,-7.5,110.0
SMA DON BOSKO,SMA DON BOSKO,-7.5,110.0
SMA NEGERI 13,SMA NEGERI 13,-7.5,110.0
SMA KRISTEN YSKI,SMA KRISTEN YSKI,-7.5,110.0
MAS AL HIKMAH 2,MAS AL HIKMAH 2,-7.5,110.0
SMA PRADITA DIRGANTARA,SMA PRADITA DIRGANTARA,-7.5,110.0
MAS MAAHID,MAS MAAHID,-7.5,110.0
SMA NEGERI 06,SMA NEGERI 06,-7.5,110.0
SMA NEGERI 03,SMA NEGERI 03,-7.5,110.0
SMA NEGERI 12,SMA NEGERI 12,-7.5,110.0
SMA SEMESTA,SMA SEMESTA,-7.5,110.0
SMA NEGERI 02,SMA NEGERI 02,-7.5,110.0
SMAS PANGUDI LUHUR VAN LITH,SMAS PANGUDI LUHUR VAN LITH,-7.5,110.0
SMA NEGERI 14,SMA NEGERI 14,-7.5,110.0
MAS TAHFIZHUL QUR`AN,MAS TAHFIZHUL QUR`AN,-7.5,110.0
SMA NEGERI 1 BANGSRI,SMA NEGERI 1 BANGSRI,-7.50333,110.11111
SMAN 1 KREMBUNG,SMAN 1 KREMBUNG,-7.5081,112.6206
SMA NEGERI 1 BANYUMAS,SMA NEGERI 1 BANYUMAS,-7.51417,109.29417
SMAN 1 BANYUMAS,SMAN 1 BANYUMAS,-7.51417,109.29417
SMKN 1 BANYUMAS,SMKN 1 BANYUMAS,-7.51417,109.29417
SMAN 1 GEDANGAN,SMAN 1 GEDANGAN,-7.5158473,111.2630871
SMAN 1 NGAWI,SMAN 1 NGAWI,-7.5158473,111.2630871
SMAN 1 MOJOSARI,SMAN 1 MOJOSARI,-7.5194,112.5597
SMAN 1 MERTOYUDAN,SMAN 1 MERTOYUDAN,-7.52,110.22639
SMAN 1 SUKOREJO,SMAN 1 SUKOREJO,-7.53056,110.835
SMAN KEBAKKRAMAT,SMAN KEBAKKRAMAT,-7.53083,110.9
SMAN 1 BOYOLALI,SMAN 1 BOYOLALI,-7.53306,110.59583
SMAN 3 BOYOLALI,SMAN 3 BOYOLALI,-7.53306,110.59583
SMA NEGERI 1 JATILAWANG,SMA NEGERI 1 JATILAWANG,-7.53444,109.11972
SMAN 1 JATILAWANG,SMAN 1 JATILAWANG,-7.53444,109.11972
SMAN 1 TERAS,SMAN 1 TERAS,-7.53833,110.66167
SMAN 1 PURI,SMAN 1 PURI,-7.5425,112.4474
SMK NEGERI 1 JOMBANG,SMK NEGERI 1 JOMBANG,-7.54595,112.23307
SMA NEGERI 1 JOMBANG,SMA NEGERI 1 JOMBANG,-7.54595,112.23307
SMA NEGERI 2 JOMBANG,SMA NEGERI 2 JOMBANG,-7.54595,112.23307
SMA NEGERI 3 JOMBANG,SMA NEGERI 3 JOMBANG,-7.54595,112.23307
SMAN 1 KARTASURA,SMAN 1 KARTASURA,-7.54778,110.74639
SMAN 1 PURWOSARI,SMAN 1 PURWOSARI,-7.547941,111.6523577
SMAN 1 MADIUN,SMAN 1 MADIUN,-7.547941,111.6523577
SMAN 1 MEJAYAN,SMAN 1 MEJAYAN,-7.5481,111.6668
SMAN 1 NGEMPLAK,SMAN 1 NGEMPLAK,-7.54972,110.71639
SMAN 1 DUKUN,SMAN 1 DUKUN,-7.55194,110.33333
SMAN 1,SMAN 1,-7.5520376,112.227053
SMAN 1 KEPANJEN,SMAN 1 KEPANJEN,-7.5520376,112.227053
SMAN 1 KAUMAN,SMAN 1 KAUMAN,-7.5520376,112.227053
SMK NEGERI 3 JOMBANG,SMK NEGERI 3 JOMBANG,-7.5549538,112.2265175
SMAN 8,SMAN 8,-7.5554995,112.2338924
SMA AL-AZHAR SYIFA BUDI SOLO,SMA AL-AZHAR SYIFA BUDI SOLO,-7.55611,110.83167
SMAS AL ISLAM 1 SURAKARTA,SMAS AL ISLAM 1 SURAKARTA,-7.55611,110.83167
SMA Muhammadiyah Program Khusus Kottabarat Surakarta,SMA Muhammadiyah Program Khusus Kottabarat Surakarta,-7.55611,110.83167
SMAN 1 KOTA MUNGKID,SMAN 1 KOTA MUNGKID,-7.55611,110.26
MAN 1 SURAKARTA,MAN 1 SURAKARTA,-7.55611,110.83167
SMAS REGINA PACIS SURAKARTA,SMAS REGINA PACIS SURAKARTA,-7.55611,110.83167
SMAN 5 SURAKARTA,SMAN 5 SURAKARTA,-7.55611,110.83167
SMAN 1 SURAKARTA,SMAN 1 SURAKARTA,-7.55611,110.83167
SMAS MTA SURAKARTA,SMAS MTA SURAKARTA,-7.55611,110.83167
SMAN 3 SURAKARTA,SMAN 3 SURAKARTA,-7.55611,110.83167
SMAN 7 SURAKARTA,SMAN 7 SURAKARTA,-7.55611,110.83167
SMAS IT IHSANUL FIKRI MUNGKID,SMAS IT IHSANUL FIKRI MUNGKID,-7.55611,110.26
SMAN 8 SURAKARTA,SMAN 8 SURAKARTA,-7.55611,110.83167
SMAS BATIK 1 SURAKARTA,SMAS BATIK 1 SURAKARTA,-7.55611,110.83167
SMAN 2 SURAKARTA,SMAN 2 SURAKARTA,-7.55611,110.83167
SMAN 6 SURAKARTA,SMAN 6 SURAKARTA,-7.55611,110.83167
SMKS FARMASI NASIONAL SURAKARTA,SMKS FARMASI NASIONAL SURAKARTA,-7.55611,110.83167
SMAN 4 SURAKARTA,SMAN 4 SURAKARTA,-7.55611,110.83167
SMA NEGERI MOJOAGUNG,SMA NEGERI MOJOAGUNG,-7.56667,112.35
SMAN 1 SALAMAN,SMAN 1 SALAMAN,-7.57806,110.13889
SMAN 1 MUNTILAN,SMAN 1 MUNTILAN,-7.58111,110.29278
SMAN 1 KERTOSONO,SMAN 1 KERTOSONO,-7.58333,112.1
MAS AL MUKMIN NGRUKI,MAS AL MUKMIN NGRUKI,-7.58472,110.8075
SMAS AL - MA HADUL ISLAMI BEJI,SMAS AL - MA HADUL ISLAMI BEJI,-7.5932,112.7634
MAS WATHONIYAH ISLAMIYAH KEBARONGAN,MAS WATHONIYAH ISLAMIYAH KEBARONGAN,-7.5975,109.28861
SMAN 1 KARANGANYAR,SMAN 1 KARANGANYAR,-7.59833,110.94444
SMAN 2 KARANGANYAR,SMAN 2 KARANGANYAR,-7.59833,110.94444
SMKN 2 KARANGANYAR,SMKN 2 KARANGANYAR,-7.59833,110.94444
SMKN 1 KARANGANYAR,SMKN 1 KARANGANYAR,-7.59833,110.94444
SMA NEGERI 1 MAOS,SMA NEGERI 1 MAOS,-7.59889,109.18111
SMAN 1 BANGIL,SMAN 1 BANGIL,-7.59939,112.8186
SMAS ISLAM AL-AZHAR SOLO BARU,SMAS ISLAM AL-AZHAR SOLO BARU,-7.60444,110.80944
SMAN 2 NGANJUK,SMAN 2 NGANJUK,-7.6051,111.9035
SMAN 3 TARUNA ANGKASA MADIUN,SMAN 3 TARUNA ANGKASA MADIUN,-7.6065239,111.5153552
SMAN 5 MADIUN,SMAN 5 MADIUN,-7.6067868,111.515887
SMKN 1 GOMBONG,SMKN 1 GOMBONG,-7.60722,109.51417
SMAN 1 KLIRONG,SMAN 1 KLIRONG,-7.60722,110.61333
SMAN 1 GOMBONG,SMAN 1 GOMBONG,-7.60722,109.51417
SMA NEGERI 1 SUMPIUH,SMA NEGERI 1 SUMPIUH,-7.60972,109.35278
SMAN KARANGPANDAN,SMAN KARANGPANDAN,-7.61056,111.06056
SMA NEGERI PLOSO,SMA NEGERI PLOSO,-7.6198755,111.8984165
SMAN 2,SMAN 2,-7.621599,111.525475
SMAN 2 MADIUN,SMAN 2 MADIUN,-7.621599,111.525475
SMAN 1 MAOSPATI,SMAN 1 MAOSPATI,-7.6227653,111.3747404
SMAN 1 MAGETAN,SMAN 1 MAGETAN,-7.6227653,111.3747404
MAN 2 KOTA MADIUN,MAN 2 KOTA MADIUN,-7.6298,111.5239
SMA NEGERI 1 KROYA,SMA NEGERI 1 KROYA,-7.63306,109.24611
SMAN 1 ROWOKELE,SMAN 1 ROWOKELE,-7.63417,109.42778
UPT SMA NEGERI 2 PASURUAN,UPT SMA NEGERI 2 PASURUAN,-7.6453,112.9075
UPT SMA NEGERI 1 PASURUAN,UPT SMA NEGERI 1 PASURUAN,-7.6453,112.9075
MAN INSAN CENDEKIA PASURUAN,MAN INSAN CENDEKIA PASURUAN,-7.6453,112.9075
SMAN 1 KARANGANOM,SMAN 1 KARANGANOM,-7.64889,110.625
SMAN 1 PANDAAN,SMAN 1 PANDAAN,-7.65268,112.6875
MAS WATHONIYAH ISLAMIYAH KARANGDUWUR,MAS WATHONIYAH ISLAMIYAH KARANGDUWUR,-7.65583,109.675
SMAN 1 PAKEM,SMAN 1 PAKEM,-7.66806,110.41917
SMA UNGGULAN CT ARSA FOUNDATION SUKOHARJO,SMA UNGGULAN CT ARSA FOUNDATION SUKOHARJO,-7.6725,110.83806
SMKN 1 SUKOHARJO,SMKN 1 SUKOHARJO,-7.6725,110.83806
SMAN 1 SUKOHARJO,SMAN 1 SUKOHARJO,-7.6725,110.83806
SMAN 3 SUKOHARJO,SMAN 3 SUKOHARJO,-7.6725,110.83806
SMAS ASSALAM SUKOHARJO,SMAS ASSALAM SUKOHARJO,-7.6725,110.83806
SMAS KRISTEN KALAM KUDUS SUKOHARJO,SMAS KRISTEN KALAM KUDUS SUKOHARJO,-7.6725,110.83806
SMAN 2 SUKOHARJO,SMAN 2 SUKOHARJO,-7.6725,110.83806
SMAN 1 PLEMAHAN,SMAN 1 PLEMAHAN,-7.6848,112.1389
SMKN 1 PEDAN,SMKN 1 PEDAN,-7.68833,110.69722
SMAN 7 PURWOREJO,SMAN 7 PURWOREJO,-7.68917,109.96
SMAN 4 PURWOREJO,SMAN 4 PURWOREJO,-7.68917,109.96
SMAN 2 PURWOREJO,SMAN 2 PURWOREJO,-7.68917,109.96
SMAN 1 PURWOREJO,SMAN 1 PURWOREJO,-7.68917,109.96
SMKN 2 PURWOREJO,SMKN 2 PURWOREJO,-7.68917,109.96
SMKN 1 PURWOREJO,SMKN 1 PURWOREJO,-7.68917,109.96
SMAN 5 PURWOREJO,SMAN 5 PURWOREJO,-7.68917,109.96
SMAN 6 PURWOREJO,SMAN 6 PURWOREJO,-7.68917,109.96
MAN PURWOREJO,MAN PURWOREJO,-7.68917,109.96
SMA NEGERI NGORO,SMA NEGERI NGORO,-7.6908857,112.2648063
SMAN 1 WONOSARI,SMAN 1 WONOSARI,-7.69472,109.70056
SMAN 1 NGEMPLAK,SMAN 1 NGEMPLAK,-7.6975,110.44806
SMAN 1 GEGER,SMAN 1 GEGER,-7.7018,111.5286
SMAN 1 JOGONALAN,SMAN 1 JOGONALAN,-7.70361,110.53611
SMAN 3 KLATEN,SMAN 3 KLATEN,-7.70583,110.60639
SMAN 1 KLATEN,SMAN 1 KLATEN,-7.70583,110.60639
SMKN 1 KLATEN,SMKN 1 KLATEN,-7.70583,110.60639
SMKN 2 KLATEN,SMKN 2 KLATEN,-7.70583,110.60639
SMAN 2 KLATEN,SMAN 2 KLATEN,-7.70583,110.60639
SMAN 1 SITUBONDO,SMAN 1 SITUBONDO,-7.7084433,113.9939083
SMAN 1 NGAGLIK,SMAN 1 NGAGLIK,-7.70972,110.39083
SMAN 2 NGAGLIK,SMAN 2 NGAGLIK,-7.70972,110.39083
SMAN 1 SLEMAN,SMAN 1 SLEMAN,-7.71556,110.35556
SMAN 2 SLEMAN,SMAN 2 SLEMAN,-7.71556,110.35556
SMAS MUHAMMADIYAH BOARDING SCHOOL (MBS) SLEMAN,SMAS MUHAMMADIYAH BOARDING SCHOOL (MBS) SLEMAN,-7.71556,110.35556
MAN 3 SLEMAN,MAN 3 SLEMAN,-7.71556,110.35556
SMA KARANGTURI,SMA KARANGTURI,-7.71806,110.80833
SMAN 1 KUTOWINANGUN,SMAN 1 KUTOWINANGUN,-7.71944,109.73778
SMAN 1 SEYEGAN,SMAN 1 SEYEGAN,-7.72028,110.29917
SMAN 1 PREMBUN,SMAN 1 PREMBUN,-7.72139,109.80417
MAN 2 CILACAP,MAN 2 CILACAP,-7.72639,109.00944
SMA NEGERI 2 CILACAP,SMA NEGERI 2 CILACAP,-7.72639,109.00944
SMK NEGERI 1 CILACAP,SMK NEGERI 1 CILACAP,-7.72639,109.00944
SMA NEGERI 3 CILACAP,SMA NEGERI 3 CILACAP,-7.72639,109.00944
SMA NEGERI 1 CILACAP,SMA NEGERI 1 CILACAP,-7.72639,109.00944
SMAN 1 MLATI,SMAN 1 MLATI,-7.73333,110.36667
SMAN 1 TAWANGSARI,SMAN 1 TAWANGSARI,-7.73556,110.79556
SMA  IT AL HIKMAH,SMA  IT AL HIKMAH,-7.7394,112.5099
SMA AL MUSLIM ,SMA AL MUSLIM ,-7.7394,112.5099
SMA ISLAM SABILILLAH,SMA ISLAM SABILILLAH,-7.7394,112.5099
SMAS BRAWIJAYA SMART SCHOOL,SMAS BRAWIJAYA SMART SCHOOL,-7.7394,112.5099
SMAS KATOLIK SANTA AGNES,SMAS KATOLIK SANTA AGNES,-7.7394,112.5099
SMAS SANTA MARIA,SMAS SANTA MARIA,-7.7394,112.5099
SMA BINA INSAN MANDIRI,SMA BINA INSAN MANDIRI,-7.7394,112.5099
SMA NEGERI TARUNA NALA JAWA TIMUR,SMA NEGERI TARUNA NALA JAWA TIMUR,-7.7394,112.5099
SMA NEGERI 2 TARUNA BHAYANGKARA JAWA TIMUR,SMA NEGERI 2 TARUNA BHAYANGKARA JAWA TIMUR,-7.7394,112.5099
SMA PLUS AR RAHMAT,SMA PLUS AR RAHMAT,-7.7394,112.5099
SMAS KATOLIK ST CAROLUS,SMAS KATOLIK ST CAROLUS,-7.7394,112.5099
SMAS TUNAS LUHUR,SMAS TUNAS LUHUR,-7.7394,112.5099
SMAS LABORATORIUM UM,SMAS LABORATORIUM UM,-7.7394,112.5099
SMA THURSINA IIBS,SMA THURSINA IIBS,-7.7394,112.5099
SMAS KATOLIK ST ALBERTUS,SMAS KATOLIK ST ALBERTUS,-7.7394,112.5099
SMAS KATOLIK SANTA MARIA,SMAS KATOLIK SANTA MARIA,-7.7394,112.5099
SMAS PLUS AL FATIMAH,SMAS PLUS AL FATIMAH,-7.7394,112.5099
PKBM KAK SETO,PKBM KAK SETO,-7.7394,112.5099
SMKS TELKOM SANDHY PUTRA,SMKS TELKOM SANDHY PUTRA,-7.7394,112.5099
SMAS KATOLIK FRATERAN,SMAS KATOLIK FRATERAN,-7.7394,112.5099
SMAS LUQMAN AL HAKIM,SMAS LUQMAN AL HAKIM,-7.7394,112.5099
SMAS AR RISALAH,SMAS AR RISALAH,-7.7394,112.5099
MA ISLAM TERPADU DARUL FIKRI,MA ISLAM TERPADU DARUL FIKRI,-7.7394,112.5099
SMAS K KOLESE ST YUSUP,SMAS K KOLESE ST YUSUP,-7.7394,112.5099
SMAS IT DARUT TAQWA,SMAS IT DARUT TAQWA,-7.7394,112.5099
SMAS PANJURA,SMAS PANJURA,-7.7394,112.5099
SMAS KATOLIK COR YESU,SMAS KATOLIK COR YESU,-7.7394,112.5099
SMA TAZKIA IIBS,SMA TAZKIA IIBS,-7.7394,112.5099
SMA TRENSAINS TEBUIRENG,SMA TRENSAINS TEBUIRENG,-7.7394,112.5099
SMA DARUL ULUM 2 UNGGULAN BPPT,SMA DARUL ULUM 2 UNGGULAN BPPT,-7.7394,112.5099
SMAS ST PAULUS,SMAS ST PAULUS,-7.7394,112.5099
SMA NEGERI 1 TASIKMALAYA,SMA NEGERI 1 TASIKMALAYA,-7.747533,108.019236
SMA Negeri 2 Tasikmalaya,SMA Negeri 2 Tasikmalaya,-7.747533,108.019236
SMAN 1 PRAMBANAN,SMAN 1 PRAMBANAN,-7.75199,110.49152
SMAN 2 PROBOLINGGO,SMAN 2 PROBOLINGGO,-7.7543,113.2159
SMAN 4 PROBOLINGGO,SMAN 4 PROBOLINGGO,-7.7543,113.2159
SMAN 1 PROBOLINGGO,SMAN 1 PROBOLINGGO,-7.7543,113.2159
SMAN 2 PARE,SMAN 2 PARE,-7.7582521,112.1764941
SMAN 1 CAWAS,SMAN 1 CAWAS,-7.76222,110.70028
SMAS KOLESE DE BRITTO DEPOK,SMAS KOLESE DE BRITTO DEPOK,-7.7625,110.43167
SMKN 2 DEPOK,SMKN 2 DEPOK,-7.7625,110.43167
SMAN 1 DEPOK,SMAN 1 DEPOK,-7.7625,110.43167
SMKN 1 DEPOK,SMKN 1 DEPOK,-7.7625,110.43167
SMAN 1 PARE,SMAN 1 PARE,-7.7632793,112.1833678
SMKN 1 GODEAN,SMKN 1 GODEAN,-7.76972,110.29389
SMAN 1 GODEAN,SMAN 1 GODEAN,-7.76972,110.29389
SMKN 7 YOGYAKARTA,SMKN 7 YOGYAKARTA,-7.771591,110.3926416
SMAN 1 KALASAN,SMAN 1 KALASAN,-7.7725,110.46167
MAN 1 YOGYAKARTA,MAN 1 YOGYAKARTA,-7.7762442,110.3736824
MAN 2 YOGYAKARTA,MAN 2 YOGYAKARTA,-7.7762442,110.3736824
SMAN 8 YOGYAKARTA,SMAN 8 YOGYAKARTA,-7.7783189,110.3539586
SMAN 4 YOGYAKARTA,SMAN 4 YOGYAKARTA,-7.7783189,110.3539586
SMAN 10 YOGYAKARTA,SMAN 10 YOGYAKARTA,-7.7783189,110.3539586
SMAN 3 YOGYAKARTA,SMAN 3 YOGYAKARTA,-7.7783189,110.3539586
SMAN 11 YOGYAKARTA,SMAN 11 YOGYAKARTA,-7.7783189,110.3539586
SMAN 7 YOGYAKARTA,SMAN 7 YOGYAKARTA,-7.7783189,110.3539586
SMAN 9 YOGYAKARTA,SMAN 9 YOGYAKARTA,-7.7783189,110.3539586
SMAN 6 YOGYAKARTA,SMAN 6 YOGYAKARTA,-7.7783189,110.3539586
MAS MUALLIMAAT MUHAMMADIYAH,MAS MUALLIMAAT MUHAMMADIYAH,-7.78278,110.36083
SMK SMTI,SMK SMTI,-7.78278,110.36083
SMAN 1 YOGYAKARTA,SMAN 1 YOGYAKARTA,-7.78278,110.36083
SMA NEGERI 1 KALIBAWANG,SMA NEGERI 1 KALIBAWANG,-7.78278,110.36083
MAS MUALLIMIN MUHAMMADIYAH,MAS MUALLIMIN MUHAMMADIYAH,-7.78278,110.36083
PKBM HOME SCHOOLING PRIMAGAMA,PKBM HOME SCHOOLING PRIMAGAMA,-7.78278,110.36083
SMA ISLAM AL AZHAR 9 YOGYAKARTA,SMA ISLAM AL AZHAR 9 YOGYAKARTA,-7.78278,110.36083
SMA ISLAM TERPADU BAITUSSALAM,SMA ISLAM TERPADU BAITUSSALAM,-7.78278,110.36083
SMAS PANGUDI LUHUR,SMAS PANGUDI LUHUR,-7.78278,110.36083
SMAS BOPKRI 2,SMAS BOPKRI 2,-7.78278,110.36083
SMA NEGERI 2 BANGUNTAPAN,SMA NEGERI 2 BANGUNTAPAN,-7.78278,110.36083
SMAS STELLA DUCE 2,SMAS STELLA DUCE 2,-7.78278,110.36083
SMKS INDONESIA YOGYAKARTA,SMKS INDONESIA YOGYAKARTA,-7.78278,110.36083
SMAN 5 YOGYAKARTA,SMAN 5 YOGYAKARTA,-7.78278,110.36083
SMAS BOPKRI 1,SMAS BOPKRI 1,-7.78278,110.36083
SMA KESATUAN BANGSA,SMA KESATUAN BANGSA,-7.78278,110.36083
SMAS STELLA DUCE 1,SMAS STELLA DUCE 1,-7.78278,110.36083
SMA BUDI MULIA DUA,SMA BUDI MULIA DUA,-7.78278,110.36083
SMKN 2 YOGYAKARTA,SMKN 2 YOGYAKARTA,-7.78278,110.36083
SMAN 2 YOGYAKARTA,SMAN 2 YOGYAKARTA,-7.78278,110.36083
MAN 2 KULON PROGO,MAN 2 KULON PROGO,-7.78278,110.36083
MAS ISLAMIC CENTRE BIN BAZ,MAS ISLAMIC CENTRE BIN BAZ,-7.78278,110.36083
SMAN 2 PLAYEN,SMAN 2 PLAYEN,-7.78278,110.36083
SMAS TERPADU BINA UMAT,SMAS TERPADU BINA UMAT,-7.78278,110.36083
MAS ALI MAKSUM,MAS ALI MAKSUM,-7.78278,110.36083
SMAS IT ABU BAKAR,SMAS IT ABU BAKAR,-7.78278,110.36083
SMAIT ABU BAKAR BOARDING SCHOOL KULON PROGO,SMAIT ABU BAKAR BOARDING SCHOOL KULON PROGO,-7.78278,110.36083
SMAS MUHAMMADIYAH 1 YOGYAKARTA,SMAS MUHAMMADIYAH 1 YOGYAKARTA,-7.78278,110.36083
SMA ALI MAKSUM,SMA ALI MAKSUM,-7.78278,110.36083
SMAS BUDYA WACANA,SMAS BUDYA WACANA,-7.78278,110.36083
SMAS SANTA MARIA,SMAS SANTA MARIA,-7.78278,110.36083
SMAS AL ITISHOM GRABAG,SMAS AL ITISHOM GRABAG,-7.79944,109.90389
SMAN 1 GRABAG,SMAN 1 GRABAG,-7.79944,109.90389
SMA PANGUDI LUHUR SEDAYU,SMA PANGUDI LUHUR SEDAYU,-7.80806,110.25944
SMA NEGERI 1 SEDAYU,SMA NEGERI 1 SEDAYU,-7.80806,110.25944
SMKN 2 KEDIRI,SMKN 2 KEDIRI,-7.811466,112.0004659
SMAN 2 KEDIRI,SMAN 2 KEDIRI,-7.8118595,111.9984828
SMAN 1 KEDIRI,SMAN 1 KEDIRI,-7.8122836,112.0029653
SMAN 7 KEDIRI,SMAN 7 KEDIRI,-7.8131486,111.9999506
SMAN 1 WONOGIRI,SMAN 1 WONOGIRI,-7.81444,110.92056
SMKN 1 WONOGIRI,SMKN 1 WONOGIRI,-7.81444,110.92056
SMAN 2 WONOGIRI,SMAN 2 WONOGIRI,-7.81444,110.92056
SMA NEGERI 1 JETIS,SMA NEGERI 1 JETIS,-7.81639,110.38167
MAN 1 KOTA KEDIRI,MAN 1 KOTA KEDIRI,-7.81667,112.01667
SMAN 3 KEDIRI,SMAN 3 KEDIRI,-7.81667,112.01667
MAN 2 Kota Kediri,MAN 2 Kota Kediri,-7.8203913,112.0303622
SMA NEGERI 1 KASIHAN,SMA NEGERI 1 KASIHAN,-7.82694,110.32917
SMKN 1 TEMPEL,SMKN 1 TEMPEL,-7.8275,110.38472
SMA NEGERI 1 SENTOLO,SMA NEGERI 1 SENTOLO,-7.83417,110.21889
SMAN 1 LAWANG,SMAN 1 LAWANG,-7.8353,112.6947
SMA NEGERI 1 TAHUNAN,SMA NEGERI 1 TAHUNAN,-7.83806,111.16111
SMA NEGERI 1 PENGASIH,SMA NEGERI 1 PENGASIH,-7.84222,110.16861
SMK NEGERI 1 PENGASIH,SMK NEGERI 1 PENGASIH,-7.84222,110.16861
SMK N 2 PENGASIH,SMK N 2 PENGASIH,-7.84222,110.16861
SMA NEGERI 1 BANGUNTAPAN,SMA NEGERI 1 BANGUNTAPAN,-7.8474528,110.4016196
SMAN 1 PURWANTORO,SMAN 1 PURWANTORO,-7.8475,111.25972
SMA TARUNA DRA. ZULAEHA,SMA TARUNA DRA. ZULAEHA,-7.8510772,113.2296126
SMA NEGERI 1 WATES,SMA NEGERI 1 WATES,-7.85722,110.15694
SMA NEGERI 2 WATES,SMA NEGERI 2 WATES,-7.85722,110.15694
SMA NEGERI 1 PLERET,SMA NEGERI 1 PLERET,-7.86639,110.40778
SMAN 1 SEMIN,SMAN 1 SEMIN,-7.86694,110.73583
SMAN 1 PONOROGO,SMAN 1 PONOROGO,-7.8685,111.462
MAN 2 PONOROGO,MAN 2 PONOROGO,-7.8685,111.462
SMKN 1 PONOROGO,SMKN 1 PONOROGO,-7.8685,111.462
SMAN 2 BATU,SMAN 2 BATU,-7.87,112.52833
SMAS AL-IZZAH BATU,SMAS AL-IZZAH BATU,-7.87,112.52833
MAN KOTA BATU,MAN KOTA BATU,-7.87,112.52833
SMAN 1 BADEGAN,SMAN 1 BADEGAN,-7.87306,111.33528
SMAN 2 PONOROGO,SMAN 2 PONOROGO,-7.873133,111.4789989
SMAS KATOLIK STELLA MARIS,SMAS KATOLIK STELLA MARIS,-7.8753,112.5931
SMA NEGERI 1 SEWON,SMA NEGERI 1 SEWON,-7.87639,110.35889
SMAN 1 NGANTANG,SMAN 1 NGANTANG,-7.878463,112.3798888
SMAN 1 BATU,SMAN 1 BATU,-7.8789524,112.5274731
SMA NEGERI 1 TEMON,SMA NEGERI 1 TEMON,-7.88694,110.0775
SMA NEGERI 3 BANTUL,SMA NEGERI 3 BANTUL,-7.88806,110.32889
SMA NEGERI 2 BANTUL,SMA NEGERI 2 BANTUL,-7.88806,110.32889
SMA NEGERI 1 BANTUL,SMA NEGERI 1 BANTUL,-7.88806,110.32889
SMK NEGERI 1 BANTUL,SMK NEGERI 1 BANTUL,-7.88806,110.32889
SMAN 1 SINGOSARI,SMAN 1 SINGOSARI,-7.8924,112.6658
SMKN 1 SINGOSARI,SMKN 1 SINGOSARI,-7.8924,112.6658
SMAN 1 WURYANTORO,SMAN 1 WURYANTORO,-7.90611,110.86444
SMAN 2 BONDOWOSO,SMAN 2 BONDOWOSO,-7.92211,113.8196926
SMAS AR ROHMAH DAU,SMAS AR ROHMAH DAU,-7.926126452260807,112.57461902883524
SMAS AR-ROHMAH PUTRI BOARDING SCHOOL DAU,SMAS AR-ROHMAH PUTRI BOARDING SCHOOL DAU,-7.926126452260807,112.57461902883524
SMAN 1 KARANGMOJO,SMAN 1 KARANGMOJO,-7.92778,110.64028
MAN 1 MALANG,MAN 1 MALANG,-7.9328637,112.6043876
MAN 2 KOTA MALANG,MAN 2 KOTA MALANG,-7.9328637,112.6043876
MAN 1 KOTA MALANG,MAN 1 KOTA MALANG,-7.9328637,112.6043876
SMA NEGERI 1 LENDAH,SMA NEGERI 1 LENDAH,-7.93528,110.23111
SMAN 9 Malang,SMAN 9 Malang,-7.9360198,112.6251291
SMAN 1 KANDAT,SMAN 1 KANDAT,-7.9434,112.0475
SMAN 7,SMAN 7,-7.9452419,112.6285495
SMA NEGERI 1 BAMBANGLIPURO,SMA NEGERI 1 BAMBANGLIPURO,-7.95,110.28333
SMA NEGERI 1 PUNDONG,SMA NEGERI 1 PUNDONG,-7.95222,110.34861
SMKN 1 WONOSARI,SMKN 1 WONOSARI,-7.96556,110.60361
SMAN 2 WONOSARI,SMAN 2 WONOSARI,-7.96556,110.60361
SMAN 1 WONOSARI,SMAN 1 WONOSARI,-7.96556,110.60361
SMKN 2 WONOSARI,SMKN 2 WONOSARI,-7.96556,110.60361
SMA NEGERI 1 SANDEN,SMA NEGERI 1 SANDEN,-7.97028,110.26583
SMA NEGERI BARENG,SMA NEGERI BARENG,-7.977054,112.6266606
SMKN 1 MALANG,SMKN 1 MALANG,-7.982421,112.6867535
SMAN 1 BATURETNO,SMAN 1 BATURETNO,-7.98333,110.93333
SMKN 4 MALANG,SMKN 4 MALANG,-7.9899639,112.6269577
SMAN 1 TUMPANG,SMAN 1 TUMPANG,-8.0061,112.7639
SMK NEGERI 1 POGALAN,SMK NEGERI 1 POGALAN,-8.0542,111.738
SMAN 1 SRENGAT,SMAN 1 SRENGAT,-8.0653078,112.0919958
MAN 2 TULUNGAGUNG,MAN 2 TULUNGAGUNG,-8.0657,111.9025
SMAN 1 KEDUNGWARU,SMAN 1 KEDUNGWARU,-8.06667,111.91667
SMAN 1 SUTOJAYAN,SMAN 1 SUTOJAYAN,-8.0731,112.6108
SMA NEGERI 1 TRENGGALEK,SMA NEGERI 1 TRENGGALEK,-8.0764,111.70641
SMAN 1 GARUM,SMAN 1 GARUM,-8.0773,112.2222
SMAN 1 TALUN,SMAN 1 TALUN,-8.0824862,112.3046713
SMAN 1 BLITAR,SMAN 1 BLITAR,-8.0824862,112.3046713
SMAN 3 BLITAR,SMAN 3 BLITAR,-8.0921679,112.1480196
SMAS MUHAMMADIYAH 2,SMAS MUHAMMADIYAH 2,-8.0973522,112.1700467
SMKN 2 BLITAR,SMKN 2 BLITAR,-8.0983,112.1681
MAN 1 BLITAR,MAN 1 BLITAR,-8.0983,112.1681
SMAN 1 NGUNUT,SMAN 1 NGUNUT,-8.1058,112.01591
SMAN 1 SINGARAJA,SMAN 1 SINGARAJA,-8.112,115.08818
SMAN 1 BOYOLANGU,SMAN 1 BOYOLANGU,-8.1181,111.8935
SMAN 1 DURENAN,SMAN 1 DURENAN,-8.1203,111.7986
SMAN 2 LUMAJANG,SMAN 2 LUMAJANG,-8.1335,113.2248
SMAN 1 LUMAJANG,SMAN 1 LUMAJANG,-8.1335,113.2248
SMAN 1 GAMPING,SMAN 1 GAMPING,-8.13556,110.74806
SMAN 1 SUMBERPUCUNG,SMAN 1 SUMBERPUCUNG,-8.1498456,112.4964351
SMAN 2 JEMBER,SMAN 2 JEMBER,-8.1696829,113.7140039
SMAN 4 JEMBER,SMAN 4 JEMBER,-8.1696829,113.7140039
MAS MUHAMMADIYAH 1 JEMBER,MAS MUHAMMADIYAH 1 JEMBER,-8.17211,113.69953
SMAN 1 TUREN,SMAN 1 TUREN,-8.17295,112.6861
SMKN 1 TUREN,SMKN 1 TUREN,-8.17295,112.6861
SMAN 1 JEMBER,SMAN 1 JEMBER,-8.1784059,113.7072274
MAN 1 JEMBER,MAN 1 JEMBER,-8.1859952,113.6747381
SMAN 1 GIRI,SMAN 1 GIRI,-8.1899,114.3529
SMKN 1 BOYOLANGU,SMKN 1 BOYOLANGU,-8.2158964,114.3441501
SMAN 1 PAGAK,SMAN 1 PAGAK,-8.2258,112.5276
SMAN 1 PACITAN,SMAN 1 PACITAN,-8.2272209,111.309269
SMA NEGERI 5 TARUNA BRAWIJAYA JAWA TIMUR,SMA NEGERI 5 TARUNA BRAWIJAYA JAWA TIMUR,-8.2353,114.3561
SMAN AMBULU,SMAN AMBULU,-8.2759079,113.6534751
SMAN 1 KENCONG,SMAN 1 KENCONG,-8.28333,113.36667
SMAN 1 ROGOJAMPI,SMAN 1 ROGOJAMPI,-8.3065,114.2963
MAN 1 JEMBRANA,MAN 1 JEMBRANA,-8.3213,114.6942
SMAN 1 NEGARA,SMAN 1 NEGARA,-8.35694,114.61694
SMAN 1 GENTENG,SMAN 1 GENTENG,-8.36667,114.15
SMAN 1 TABANAN,SMAN 1 TABANAN,-8.4282595,115.1416273
SMAN 2 AMLAPURA,SMAN 2 AMLAPURA,-8.45,115.61667
SMAN 1 BANGLI,SMAN 1 BANGLI,-8.4542,115.3545
SMAN 1 SUMBAWA BESAR,SMAN 1 SUMBAWA BESAR,-8.4901878,117.4186279
SMAN 1 MERAUKE,SMAN 1 MERAUKE,-8.49584,140.3948
SMAN BALI MANDARA,SMAN BALI MANDARA,-8.5,115.0
SMAS KRISTEN HARAPAN,SMAS KRISTEN HARAPAN,-8.5,115.0
SMAN 1 KUTA SELATAN,SMAN 1 KUTA SELATAN,-8.5,115.0
SMAS TAMAN RAMA,SMAS TAMAN RAMA,-8.5,115.0
SMAN 1 KUTA UTARA,SMAN 1 KUTA UTARA,-8.5,115.0
SMAS ALBANNA,SMAS ALBANNA,-8.5,115.0
PKBM HOMESCHOOLING PRIMAGAMA,PKBM HOMESCHOOLING PRIMAGAMA,-8.5,115.0
SMAN 1 UBUD,SMAN 1 UBUD,-8.5098,115.2654
MAN INSAN CENDEKIA LOMBOK TIMUR,MAN INSAN CENDEKIA LOMBOK TIMUR,-8.532,116.5385
SMAN 1 SEMARAPURA,SMAN 1 SEMARAPURA,-8.5346,115.4022
SMAN 1 GIANYAR,SMAN 1 GIANYAR,-8.5435,115.3272
SMAN 1 BLAHBATUH,SMAN 1 BLAHBATUH,-8.5678,115.2973
SMAN 5 MATARAM,SMAN 5 MATARAM,-8.5796712,116.1027246
SMA NEGERI 1 MATARAM,SMA NEGERI 1 MATARAM,-8.5832363,116.0980585
SMAN 1 SUKAWATI,SMAN 1 SUKAWATI,-8.5977,115.2857
SMAS SARASWATI,SMAS SARASWATI,-8.635,115.2345
SMKN 2 DENPASAR,SMKN 2 DENPASAR,-8.65,115.21667
SMAS K SANTO YOSEPH DENPASAR,SMAS K SANTO YOSEPH DENPASAR,-8.65,115.21667
SMAN 3 DENPASAR,SMAN 3 DENPASAR,-8.65,115.21667
SMAN 4 DENPASAR,SMAN 4 DENPASAR,-8.65,115.21667
SMAN 8 DENPASAR,SMAN 8 DENPASAR,-8.65,115.21667
SMAN 5 DENPASAR,SMAN 5 DENPASAR,-8.65,115.21667
SMAN 7 DENPASAR,SMAN 7 DENPASAR,-8.6511375,115.2245294
SMAN 1 DENPASAR,SMAN 1 DENPASAR,-8.6511375,115.2245294
SMAN 1 SELONG,SMAN 1 SELONG,-8.6546389,116.5442367
SMAN 2 DENPASAR,SMAN 2 DENPASAR,-8.6769221,115.2177242
SMAN 1 KUTA,SMAN 1 KUTA,-8.6840295,115.1721523
SMAN 1 PRAYA,SMAN 1 PRAYA,-8.7028457,116.2727934
SMAS KRISTEN 2 KUPANG,SMAS KRISTEN 2 KUPANG,-10.1718,123.6075
SMAS KOLESE LOYOLA,,-6.9816316595366725, 110.42598558068215
SPM  ULYA KULLIYATUL MU`ALLIMIN AL-ISLAMIYAH (KMI) PP MODERN GONTOR PONOROGO,,-7.928297606955516, 111.49900438802212
SMKN 1 BOJONG GEDE,,-6.490298593330554, 106.77207034024623
